panel,position_from_top,skipgram,label
a,1,A1 C1,0.2212
a,2,C1 G1,0.5591
a,3,A1 G1,0.0228
a,4,A1 A24,0.1222
a,5,A1 H1,0.1461
a,6,A1 B10,0.0613
a,7,A24 C1,-0.1764
a,8,C1 H1,0.0969
a,9,B10 C1,0.0026
a,10,A24 B10,0.5968
a,11,A1 F5,0.1667
a,12,C1 F5,0.2510
a,13,G1 G2,0.9526
a,14,B2 B10,1.4186
a,15,A1 B2,0.4180
a,16,B2 C1,0.5023
a,17,C1 F12,0.5612
a,18,A1 ANT,0.3098
a,19,G1 H1,0.0140
a,20,A24 ANT,0.9883
a,21,C1 G2,0.5167
b,1,I5 I13,4.0985
b,2,C5 D7,3.2876
b,3,C4 C12,3.2876
b,4,C12 C13,3.2876
b,5,F14 F35,3.1177
b,6,C4 C5,3.1053
b,7,E4 E5,2.8457
b,8,D5 ANT,2.6967
b,9,E1 E5,2.4974
b,10,I1 I13,2.3639
b,11,C5 C13,2.3067
b,12,B10 F38,2.2659
b,13,B12 ANT,2.2267
b,14,C5 C12,2.1890
b,15,D3 ZOO,2.1526
b,16,B4 F12,2.1061
b,17,E1 F12,2.0454
b,18,B13 E1,2.0454
b,19,F12 F13,1.9883
b,20,I1 I5,1.9584
b,21,E1 F14,1.9584
c,1,A1 C1 G1,0.9846
c,2,A1 B2 C1,1.3622
c,3,A1 B10 C1,0.6488
c,4,A1 A24 B10,1.2430
c,5,A1 A24 ANT,1.8969
c,6,A1 A24 C1,0.3267
c,7,A1 C1 F5,0.8232
c,8,A1 C1 F13,2.2095
c,9,C1 F13 G1,2.5474
c,10,C1 C5 G1,1.8543
c,11,A3 C1 G1,1.6536
c,12,C1 G1 H1,0.8528
c,13,C1 G1 G2,1.6091
c,14,A24 B10 C1,1.1732
c,15,A1 C1 F14,1.4518
c,16,A1 F13 G1,2.2807
c,17,C1 C4 C5,4.4549
c,18,C1 C12 G1,2.3651
c,19,A1 A24 H1,0.9267
c,20,A24 B10 ANT,2.5611
c,21,A1 G1 H1,0.5861
c,22,A1 A24 B2,1.4864
c,23,A1 C1 H1,0.3325
d,1,C4 C5 C12,6.5751
d,2,C1 C4 C12,4.6372
d,3,C1 C4 C5,4.4549
d,4,A24 D5 ANT,4.3529
d,5,C1 C12 C13,4.3495
d,6,A24 B12 ANT,4.1705
d,7,A1 D5 ANT,3.9620
d,8,E1 F5 F12,3.9467
d,9,F12 F13 G1,3.5915
d,10,C1 C5 C12,3.5386
d,11,A1 B12 ANT,3.4920
d,12,B4 C1 F12,3.4557
d,13,D15 G1 G2,3.3464
d,14,C1 F12 F13,3.3379
d,15,A1 D33 H1,3.0406
d,16,C1 E1 F14,3.0204
d,17,A1 A24 D5,2.9860
d,18,A1 E1 F14,2.9360
d,19,A1 G1 G7,2.8685
d,20,B10 F5 F12,2.8679
d,21,A1 B10 B12,2.8381
d,22,C1 F15 G1,2.6652
d,23,B2 B10 F5,2.6268
e,1,A1 C1 F13 G1,3.6304
e,2,A3 C1 G1 H1,3.5342
e,3,A1 A24 B10 ANT,3.6032
e,4,A1 B2 C1 G1,2.2722
e,5,A1 B10 C1 E1,3.1462
e,6,A1 C1 E1 F14,4.2857
e,7,A1 C1 F12 G1,2.2257
e,8,C1 F12 F13 G1,4.9412
e,9,C1 C4 C5 C12,7.9248
e,10,A24 C1 G1 H1,2.1035
e,11,A1 A24 B12 ANT,5.4358
e,12,A1 A24 F5 H1,3.0103
e,13,A1 C1 C5 G1,2.4264
e,14,A1 A24 B2 H1,3.2617
e,15,A1 A24 D5 ANT,5.6181
e,16,A1 C1 F14 G1,2.5442
e,17,A1 C1 G1 H1,1.4249
e,18,A1 A3 C1 G1,2.2257
e,19,A1 A24 B2 C1,2.3252
e,20,A1 A24 B10 C1,1.7453
f,1,C1 C4 C5 C12,7.9248
f,2,A1 A24 D5 ANT,5.6181
f,3,A1 A24 B12 ANT,5.4358
f,4,C1 F12 F13 G1,4.9412
f,5,A1 C1 E1 F14,4.2857
f,6,A1 C1 F13 G1,3.6304
f,7,A1 A24 B10 ANT,3.6032
f,8,A3 C1 G1 H1,3.5342
f,9,A1 A24 B2 H1,3.2617
f,10,A1 B10 C1 E1,3.1462
f,11,A1 A24 F5 H1,3.0103
f,12,A1 C1 F14 G1,2.5442
f,13,A1 C1 C5 G1,2.4264
f,14,A1 A24 B2 C1,2.3252
f,15,A1 B2 C1 G1,2.2722
f,16,A1 C1 F12 G1,2.2257
f,17,A1 A3 C1 G1,2.2257
f,18,A24 C1 G1 H1,2.1035
f,19,A1 A24 B10 C1,1.7453
f,20,A1 C1 G1 H1,1.4249
