target_id,item,published_value,source
T01,corpus objects / ornamentation strings,483,"p. 2 s. 2; p. 3 s. 2.1"
T03,max individual motifs on one object,15,"p. 3 s. 2.2"
T05,observed frequency A1-C1,44,"p. 4 s. 3"
T05,observed frequency C1-G1,44,"p. 4 s. 3"
T05,share of objects (approx. %),9,"p. 4 s. 3"
T06,observed frequency A1-G1,28,"p. 4 s. 3"
T06,frequency rank A1-G1,3,"p. 4 s. 3"
T08,salient bigrams exclusive to Maglemose,0,"p. 4 s. 3 para 3"
T08,salient bigrams exclusive to Kongemose,1,"p. 4 s. 3 para 3"
T08,salient bigrams exclusive to Ertebølle,9,"p. 4 s. 3 para 3"
T08,named Kongemose-exclusive bigram,B10 F38,"p. 4 s. 3 para 3"
T08,named Ertebølle-exclusive bigrams (8 listed),I5 I13;C5 D7;C4 C12;C12 C13;C4 C5;I1 I13;C5 C13;I1 I5,"p. 4 s. 3 para 3"
T09,max co-occurrence frequency among culture-exclusive salient bigrams,5,"p. 4 s. 3 para 3"
T13,objects bearing the Ertebølle cluster collocations,10,"p. 7 s. 5; Table 3"
T13,antler axes / antler shafts among them,9 / 1,"p. 4 s. 3; Table 3"
