number,site,region,artefact_type,motifs,figure_plonka
1,Kolindsund,West Denmark,Antler axe,C5 D7 G1,145
2,Eskelund,West Denmark,Antler axe,C5 C13 C14,136:5
3,"Horsens ""Loddentot""",West Denmark,Antler axe,A1 C1 C4 C5 D14,159
4,Stensballe Sund,West Denmark,Antler axe,C5 D7,150:2
5,Torpegård,West Denmark,Antler axe,C1 C2 C3 C4 C5 C6 C12 G1,153
6,Bogø Nor,West Denmark,Antler axe,C1 C4 C5 C12 C13 G1,134
7,"Korsør, Glasværk",East Denmark,Antler axe,A24 C1 C4 C5,148
8,Skellingsted Bro,East Denmark,Antler axe,C1 C4 C5 C12 C13 D7 E4 E15 F34,165
9,Ydernæs 6 (Fiskerhuset),East Denmark,Antler shaft,C12 C13,192:1
10,Revlen,East Denmark,Antler axe,C1 C7 C12 C13 C14 G1,161
