"target_id","values_compared","values_matched","max_abs_difference","note"
"T01",1,1,NA,"published 483 compared with S1 rows and S2.R corpus; t = 482 in code"
"T03",1,1,NA,""
"T04",130,122,1,"63 frequency levels, 55 n cells, 4 totals"
"T05",3,3,NA,"two counts plus the ~9% share (44/483 = 9.11%)"
"T06",1,1,NA,"frequency 28 and rank 3"
"T07",128,128,0,"labels; bar order matches at 128/128 positions"
"T08",3,3,NA,"counts 0/1/9; names checked separately (C5 C12 unnamed in text)"
"T09",1,1,NA,""
"T10",18,18,0.00485780853577,""
"T11",32,NA,NA,"aid cells with single-culture box (observed > 2): purple 6, red 5, yellow 21 - compared visually"
"T12",50,50,NA,"type compared as S1 Material + Artefact type, case-insensitive"
"T13",2,2,NA,"count 10; 9 axes + 1 shaft"
"T14",10,10,NA,"pie compositions; positions compared visually; patches untestable"
"T15",1601,1601,0,"exact 1601; max relative difference 0"
