"column","frequency","n","n_reproduced","level_in_both","n_match","n_difference","n_in_s3_deposit"
"unigrams","136","1","1",TRUE,TRUE,0,NA
"unigrams","125","1","1",TRUE,TRUE,0,NA
"unigrams","97","1","1",TRUE,TRUE,0,NA
"unigrams","69","1","1",TRUE,TRUE,0,NA
"unigrams","50","1","1",TRUE,TRUE,0,NA
"unigrams","49","1","1",TRUE,TRUE,0,NA
"unigrams","36","1","1",TRUE,TRUE,0,NA
"unigrams","34","1","1",TRUE,TRUE,0,NA
"unigrams","28","1","1",TRUE,TRUE,0,NA
"unigrams","26","1","1",TRUE,TRUE,0,NA
"unigrams","23","1","1",TRUE,TRUE,0,NA
"unigrams","22","2","2",TRUE,TRUE,0,NA
"unigrams","21","1","1",TRUE,TRUE,0,NA
"unigrams","19","1","1",TRUE,TRUE,0,NA
"unigrams","18","1","1",TRUE,TRUE,0,NA
"unigrams","17","1","1",TRUE,TRUE,0,NA
"unigrams","16","2","2",TRUE,TRUE,0,NA
"unigrams","14","1","1",TRUE,TRUE,0,NA
"unigrams","13","1","1",TRUE,TRUE,0,NA
"unigrams","12","1","1",TRUE,TRUE,0,NA
"unigrams","11","2","2",TRUE,TRUE,0,NA
"unigrams","10","1","1",TRUE,TRUE,0,NA
"unigrams","9","2","2",TRUE,TRUE,0,NA
"unigrams","8","3","3",TRUE,TRUE,0,NA
"unigrams","7","2","2",TRUE,TRUE,0,NA
"unigrams","6","7","7",TRUE,TRUE,0,NA
"unigrams","5","4","4",TRUE,TRUE,0,NA
"unigrams","4","5","5",TRUE,TRUE,0,NA
"unigrams","3","20","20",TRUE,TRUE,0,NA
"unigrams","2","39","39",TRUE,TRUE,0,NA
"unigrams","1","123","123",TRUE,TRUE,0,NA
"bigrams","44","2","2",TRUE,TRUE,0,2
"bigrams","28","1","1",TRUE,TRUE,0,1
"bigrams","22","1","1",TRUE,TRUE,0,1
"bigrams","16","1","1",TRUE,TRUE,0,1
"bigrams","15","2","2",TRUE,TRUE,0,2
"bigrams","14","1","1",TRUE,TRUE,0,1
"bigrams","13","2","2",TRUE,TRUE,0,2
"bigrams","12","6","6",TRUE,TRUE,0,6
"bigrams","10","5","5",TRUE,TRUE,0,5
"bigrams","9","5","5",TRUE,TRUE,0,5
"bigrams","8","6","5",TRUE,FALSE,-1,5
"bigrams","7","8","9",TRUE,FALSE,1,9
"bigrams","6","14","14",TRUE,TRUE,0,14
"bigrams","5","20","20",TRUE,TRUE,0,20
"bigrams","4","32","31",TRUE,FALSE,-1,31
"bigrams","3","59","60",TRUE,FALSE,1,60
"bigrams","2","154","153",TRUE,FALSE,-1,NA
"bigrams","1","1224","1225",TRUE,FALSE,1,NA
"trigrams","19","1","1",TRUE,TRUE,0,1
"trigrams","8","1","1",TRUE,TRUE,0,1
"trigrams","7","4","4",TRUE,TRUE,0,4
"trigrams","6","8","8",TRUE,TRUE,0,8
"trigrams","5","9","9",TRUE,TRUE,0,9
"trigrams","4","27","27",TRUE,TRUE,0,27
"trigrams","3","56","56",TRUE,TRUE,0,56
"trigrams","2","222","221",TRUE,FALSE,-1,NA
"trigrams","1","4094","4095",TRUE,FALSE,1,NA
"quadrigrams","5","1","1",TRUE,TRUE,0,1
"quadrigrams","4","3","3",TRUE,TRUE,0,3
"quadrigrams","3","16","16",TRUE,TRUE,0,16
"quadrigrams","2","111","111",TRUE,TRUE,0,NA
"quadrigrams","1","8335","8335",TRUE,TRUE,0,NA
