"Skipgram","levels","n_levels","objects","exclusive_to"
"B10 F38","Kongemose",1,3,"Kongemose"
"B12 ANT","Kongemose + Maglemose",2,3,NA
"B13 E1","Kongemose + Maglemose",2,3,NA
"B4 F12","Kongemose + Maglemose",2,3,NA
"C12 C13","Ertebølle",1,4,"Ertebølle"
"C4 C12","Ertebølle",1,3,"Ertebølle"
"C4 C5","Ertebølle",1,5,"Ertebølle"
"C5 C12","Ertebølle",1,3,"Ertebølle"
"C5 C13","Ertebølle",1,3,"Ertebølle"
"C5 D7","Ertebølle",1,3,"Ertebølle"
"D3 ZOO","Ertebølle + Kongemose",2,3,NA
"D5 ANT","Kongemose + Maglemose",2,4,NA
"E1 E5","Ertebølle + Kongemose + Maglemose",3,3,NA
"E1 F12","Ertebølle + Kongemose",2,6,NA
"E1 F14","Kongemose + Kongemose/Ertebølle + Maglemose",3,4,NA
"E4 E5","Ertebølle + Kongemose + Maglemose",3,3,NA
"F12 F13","Ertebølle + Kongemose",2,3,NA
"F14 F35","Ertebølle + Maglemose",2,3,NA
"I1 I13","Ertebølle",1,3,"Ertebølle"
"I1 I5","Ertebølle",1,3,"Ertebølle"
"I5 I13","Ertebølle",1,3,"Ertebølle"
