skipgram,published_row,published_column,aid_single_culture,aid_box_colour,published_box_colour_observed,match
A1 D15,D15,A1,Ertebølle,yellow,yellow,TRUE
A1 D33,D33,A1,Kongemose,red,red,TRUE
A1 G2,G2,A1,Kongemose,red,red,TRUE
A1 G7,G7,A1,Ertebølle,yellow,yellow,TRUE
A14 A24,A24,A14,Maglemose,purple,purple,TRUE
A24 B13,B13,A24,Maglemose,purple,purple,TRUE
A24 B3,A24,B3,Maglemose,purple,purple,TRUE
A24 E1,E1,A24,Maglemose,purple,purple,TRUE
A24 E4,E4,A24,Maglemose,purple,purple,TRUE
B10 F38,F38,B10,Kongemose,red,red,TRUE
B3 B10,B10,B3,Maglemose,purple,purple,TRUE
C1 C13,C13,C1,Ertebølle,yellow,yellow,TRUE
C1 C4,C4,C1,Ertebølle,yellow,yellow,TRUE
C1 D15,D15,C1,Ertebølle,yellow,yellow,TRUE
C1 F55,F55,C1,Ertebølle,yellow,yellow,TRUE
C12 C13,C13,C12,Ertebølle,yellow,yellow,TRUE
C13 G1,C13,G1,Ertebølle,yellow,yellow,TRUE
C4 C12,C4,C12,Ertebølle,yellow,yellow,TRUE
C4 C5,C4,C5,Ertebølle,yellow,yellow,TRUE
C5 C12,C5,C12,Ertebølle,yellow,yellow,TRUE
C5 C13,C13,C5,Ertebølle,yellow,yellow,TRUE
C5 D7,D7,C5,Ertebølle,yellow,yellow,TRUE
C6 G1,C6,G1,Ertebølle,yellow,yellow,TRUE
D33 H1,H1,D33,Kongemose,red,red,TRUE
F14 H1,F14,H1,Ertebølle,yellow,yellow,TRUE
F5 G1,G1,F5,Kongemose,red,red,TRUE
G1 G7,G7,G1,Ertebølle,yellow,yellow,TRUE
H1 RELIEF,RELIEF,H1,Ertebølle,yellow,yellow,TRUE
I1 ANT,I1,ANT,Ertebølle,yellow,yellow,TRUE
I1 I13,I13,I1,Ertebølle,yellow,yellow,TRUE
I1 I5,I5,I1,Ertebølle,yellow,yellow,TRUE
I5 I13,I5,I13,Ertebølle,yellow,yellow,TRUE
