"Skipgram","levels","n_levels","box_colour","PMI"
"A1 A24","Ertebølle + Kongemose + Maglemose",3,NA,0.122225177075605
"A1 A3","Kongemose + Maglemose",2,NA,0.371471352292452
"A1 A5","Ertebølle + Kongemose + Maglemose",3,NA,0.400291790827944
"A1 ANT","Ertebølle + Kongemose + Maglemose",3,NA,0.309777783287112
"A1 B1","Ertebølle + Kongemose + Maglemose",3,NA,0.492099340081067
"A1 B10","Ertebølle + Kongemose + Maglemose",3,NA,0.0613164239886123
"A1 B12","Ertebølle + Kongemose + Maglemose",3,NA,0.859824120206384
"A1 B13","Kongemose + Maglemose",2,NA,0.253688316636068
"A1 B2","Kongemose + Maglemose",2,NA,0.417991367927345
"A1 B3","Kongemose + Maglemose",2,NA,0.102138418508868
"A1 B4","Ertebølle + Kongemose + Maglemose",3,NA,0.572142047754603
"A1 B6","Kongemose + Maglemose",2,NA,-0.275155812632601
"A1 B8","Ertebølle + Kongemose",2,NA,0.859824120206384
"A1 C1","Ertebølle + Kongemose + Kongemose/Ertebølle + Maglemose",4,NA,0.221165124930508
"A1 C5","Ertebølle + Kongemose",2,NA,-0.015644617147516
"A1 D15","Ertebølle",1,"yellow",-0.0339937558157125
"A1 D29","Ertebølle + Kongemose",2,NA,0.705673440379126
"A1 D3","Ertebølle + Kongemose + Maglemose",3,NA,0.284459975302822
"A1 D33","Kongemose",1,"red",1.04214567700034
"A1 D5","Kongemose + Maglemose",2,NA,1.26528922831455
"A1 E1","Ertebølle + Kongemose + Maglemose",3,NA,0.511517425938168
"A1 F12","Ertebølle + Kongemose + Maglemose",3,NA,-0.0339937558157125
"A1 F13","Ertebølle + Kongemose",2,NA,0.859824120206384
"A1 F14","Ertebølle + Kongemose + Maglemose",3,NA,0.689925083410986
"A1 F15","Ertebølle + Kongemose",2,NA,0.977607155862767
"A1 F5","Ertebølle + Kongemose + Maglemose",3,NA,0.166676939646439
"A1 G1","Ertebølle + Kongemose + Kongemose/Ertebølle + Maglemose",4,NA,0.0227827599863693
"A1 G2","Kongemose",1,"red",-0.483910626494711
"A1 G7","Ertebølle",1,"yellow",1.26528922831455
"A1 H1","Ertebølle + Kongemose + Maglemose",3,NA,0.146057652443703
"A1 ZOO","Ertebølle + Maglemose",2,NA,-0.392938848288984
"A14 A24","Maglemose",1,"purple",1.76151605265939
"A24 ANT","Kongemose + Maglemose",2,NA,0.988326164425904
"A24 B1","Ertebølle + Kongemose + Maglemose",3,NA,1.17064772121986
"A24 B10","Kongemose + Maglemose",2,NA,0.596763961486732
"A24 B12","Kongemose + Maglemose",2,NA,1.2506904288934
"A24 B13","Maglemose",1,"purple",0.64455462532308
"A24 B2","Kongemose + Maglemose",2,NA,0.691074640957973
"A24 B3","Maglemose",1,"purple",0.55754324833345
"A24 C1","Ertebølle + Kongemose + Maglemose",3,NA,-0.17642592674675
"A24 D19","Ertebølle + Maglemose",2,NA,0.739864805127405
"A24 D5","Kongemose + Maglemose",2,NA,1.72069405813913
"A24 E1","Maglemose",1,"purple",0.496918626517016
"A24 E4","Maglemose",1,"purple",0.55754324833345
"A24 F14","Ertebølle + Maglemose",2,NA,0.78068679964766
"A24 F5","Ertebølle + Kongemose + Maglemose",3,NA,-0.253386967882878
"A24 G1","Ertebølle + Kongemose + Maglemose",3,NA,-1.02143545661594
"A24 H1","Ertebølle + Kongemose",2,NA,-0.00207253960197242
"A24 ZOO","Ertebølle + Kongemose + Maglemose",3,NA,-0.0020725396019722
"A3 A24","Ertebølle + Kongemose + Maglemose",3,NA,0.462233068529126
"A3 ANT","Kongemose + Maglemose",2,NA,0.927417411338912
"A3 B10","Kongemose + Maglemose",2,NA,0.273490943932248
"A3 C1","Ertebølle + Kongemose + Maglemose",3,NA,0.455812500726203
"A3 F5","Ertebølle + Kongemose",2,NA,0.601995010904284
"A3 G1","Ertebølle + Kongemose + Maglemose",3,NA,0.458100831244215
"A3 H1","Ertebølle + Kongemose",2,NA,0.804519275015758
"A5 A24","Kongemose + Maglemose",2,NA,0.945308779342214
"A5 B10","Ertebølle + Kongemose + Maglemose",3,NA,0.420094418124123
"A5 C1","Ertebølle + Kongemose + Maglemose",3,NA,-0.496196313750032
"A5 E4","Ertebølle + Kongemose/Ertebølle + Maglemose",3,NA,1.84721077376427
"A5 H1","Kongemose + Maglemose",2,NA,0.440297125441643
"B1 C1","Ertebølle + Kongemose + Maglemose",3,NA,0.576440488514817
"B1 G1","Ertebølle + Kongemose",2,NA,0.13689606675379
"B10 ANT","Ertebølle + Kongemose + Maglemose",3,NA,0.953734719656286
"B10 B12","Ertebølle + Kongemose + Maglemose",3,NA,1.86045600051429
"B10 B13","Ertebølle + Kongemose + Maglemose",3,NA,0.966638124492194
"B10 C1","Kongemose + Maglemose",2,NA,0.00255672878168975
"B10 E1","Kongemose + Maglemose",2,NA,0.819002125686129
"B10 E5","Ertebølle + Kongemose + Maglemose",3,NA,1.41862324823525
"B10 F12","Kongemose + Maglemose",2,NA,0.561173016384029
"B10 F14","Ertebølle + Kongemose + Maglemose",3,NA,0.879626747502564
"B10 F38","Kongemose",1,"red",2.26592110862245
"B10 F5","Kongemose + Maglemose",2,NA,0.879626747502564
"B10 G1","Ertebølle + Kongemose + Maglemose",3,NA,-0.517030400652874
"B10 H1","Kongemose + Maglemose",2,NA,0.320010959567141
"B12 ANT","Kongemose + Maglemose",2,NA,2.22670039546917
"B13 C1","Kongemose + Maglemose",2,NA,0.0503473926180384
"B13 E1","Kongemose + Maglemose",2,NA,2.04544778586412
"B13 F5","Ertebølle + Kongemose + Maglemose",3,NA,1.29514219146423
"B13 G1","Ertebølle + Kongemose",2,NA,0.303950151416957
"B2 ANT","Ertebølle + Kongemose + Maglemose",3,NA,0.973937426973805
"B2 B10","Ertebølle + Kongemose + Maglemose",3,NA,1.41862324823525
"B2 B13","Ertebølle + Kongemose + Maglemose",3,NA,1.54645661974514
"B2 B3","Kongemose + Maglemose",2,NA,1.17176317030372
"B2 C1","Kongemose + Maglemose",2,NA,0.502332516361095
"B2 F5","Kongemose + Maglemose",2,NA,0.871658577853387
"B2 G1","Ertebølle + Kongemose + Maglemose",3,NA,0.216938774427327
"B2 H1","Kongemose + Maglemose",2,NA,0.56335721819887
"B3 B10","Maglemose",1,"purple",0.591944675050783
"B3 C1","Kongemose + Maglemose",2,NA,0.186479566942618
"B4 C1","Kongemose + Maglemose",2,NA,0.368801123736573
"B4 F12","Kongemose + Maglemose",2,NA,2.10607240768056
"B4 F5","Kongemose + Maglemose",2,NA,1.61359592258276
"B4 G1","Ertebølle + Kongemose",2,NA,0.622403882535491
"B6 H1","Kongemose + Maglemose",2,NA,1.03336084744461
"C1 ANT","Ertebølle + Maglemose",2,NA,-0.116706692045128
"C1 C12","Ertebølle + Kongemose",2,NA,1.09831594846739
"C1 C13","Ertebølle",1,"yellow",1.06194830429652
"C1 C14","Ertebølle + Kongemose",2,NA,0.656483196188354
"C1 C4","Ertebølle",1,"yellow",1.16730881995434
"C1 C5","Ertebølle + Kongemose",2,NA,0.656483196188354
"C1 D15","Ertebølle",1,"yellow",0.561173016384029
"C1 D3","Ertebølle + Kongemose + Maglemose",3,NA,0.656483196188354
"C1 E1","Kongemose + Maglemose",2,NA,0.125854945126183
"C1 E4","Ertebølle + Maglemose",2,NA,-0.0366639843715915
"C1 E5","Kongemose + Maglemose",2,NA,0.502332516361095
"C1 F12","Ertebølle + Kongemose + Maglemose",3,NA,0.561173016384029
"C1 F13","Ertebølle + Kongemose",2,NA,1.09831594846739
"C1 F14","Ertebølle + Kongemose + Maglemose",3,NA,0.368801123736573
"C1 F15","Ertebølle + Kongemose",2,NA,1.06194830429652
"C1 F5","Ertebølle + Kongemose + Maglemose",3,NA,0.251018088080189
"C1 F55","Ertebølle",1,"yellow",1.3496303767483
"C1 G1","Ertebølle + Kongemose + Kongemose/Ertebølle + Maglemose",4,NA,0.559109032163177
"C1 G2","Ertebølle + Kongemose + Maglemose",3,NA,0.516721253813195
"C1 H1","Ertebølle + Kongemose + Maglemose",3,NA,0.0968674082529311
"C1 ZOO","Ertebølle + Kongemose + Kongemose/Ertebølle + Maglemose",4,NA,-0.0854541485410235
"C12 C13","Ertebølle",1,"yellow",3.28757235615444
"C12 G1","Ertebølle + Kongemose",2,NA,1.0154464706451
"C13 G1","Ertebølle",1,"yellow",0.910085954987272
"C4 C12","Ertebølle",1,"yellow",3.28757235615444
"C4 C5","Ertebølle",1,"yellow",3.10525079936048
"C5 C12","Ertebølle",1,"yellow",2.18896006748633
"C5 C13","Ertebølle",1,"yellow",2.30674310314271
"C5 D7","Ertebølle",1,"yellow",3.28757235615444
"C5 G1","Ertebølle + Kongemose",2,NA,0.658771526706366
"C6 G1","Ertebølle",1,"yellow",1.60323313554722
"D15 G1","Ertebølle + Kongemose",2,NA,1.28477940442868
"D15 G2","Ertebølle + Kongemose",2,NA,1.74316691399119
"D3 G1","Ertebølle + Kongemose",2,NA,0.910085954987272
"D3 ZOO","Ertebølle + Kongemose",2,NA,2.15259242331545
"D33 H1","Kongemose",1,"red",1.77529819217398
"D5 ANT","Kongemose + Maglemose",2,NA,2.69670402471491
"E1 E5","Ertebølle + Kongemose + Maglemose",3,NA,2.49743290960718
"E1 F12","Ertebølle + Kongemose",2,NA,2.04544778586412
"E1 F14","Kongemose + Kongemose/Ertebølle + Maglemose",3,NA,1.95843640887449
"E1 F5","Kongemose + Kongemose/Ertebølle + Maglemose",3,NA,1.55297130076633
"E1 G1","Ertebølle + Kongemose",2,NA,0.156314152610892
"E4 E5","Ertebølle + Kongemose + Maglemose",3,NA,2.8457396038754
"E5 G1","Ertebølle + Kongemose",2,NA,1.04361734761179
"F12 ANT","Ertebølle + Maglemose",2,NA,0.927417411338912
"F12 F13","Ertebølle + Kongemose",2,NA,1.98828937202417
"F12 F14","Kongemose + Maglemose",2,NA,1.41292522712061
"F12 G1","Ertebølle + Kongemose + Maglemose",3,NA,0.303950151416957
"F13 G1","Ertebølle + Kongemose",2,NA,1.19776802743905
"F14 F35","Ertebølle + Maglemose",2,NA,3.11767331935904
"F14 G1","Ertebølle + Kongemose",2,NA,0.216938774427327
"F14 H1","Ertebølle",1,"yellow",0.612147382368302
"F15 G1","Ertebølle + Kongemose",2,NA,1.60323313554722
"F5 ANT","Kongemose + Maglemose",2,NA,0.722622998692899
"F5 F12","Ertebølle + Kongemose + Maglemose",3,NA,1.58282426391601
"F5 F14","Ertebølle + Kongemose + Kongemose/Ertebølle",3,NA,1.43127436578881
"F5 G1","Kongemose",1,"red",-0.370847890474792
"F5 H1","Ertebølle + Kongemose + Maglemose",3,NA,0.494364346711919
"G1 ANT","Ertebølle + Maglemose",2,NA,-0.268569041354374
"G1 G2","Ertebølle + Kongemose + Maglemose",3,NA,0.952645569406068
"G1 G7","Ertebølle",1,"yellow",1.60323313554722
"G1 H1","Ertebølle + Kongemose",2,NA,0.0139979304306366
"G1 ZOO","Ertebølle + Kongemose",2,NA,0.168148610257895
"H1 ANT","Kongemose + Maglemose",2,NA,0.126639566586601
"H1 RELIEF","Ertebølle",1,"yellow",1.88065870783181
"H1 ZOO","Kongemose + Kongemose/Ertebølle",2,NA,0.340213666884661
"I1 ANT","Ertebølle",1,"yellow",0.492099340081067
"I1 I13","Ertebølle",1,"yellow",2.36390151698266
"I1 I5","Ertebølle",1,"yellow",1.95843640887449
"I5 I13","Ertebølle",1,"yellow",4.09850257237076
