"number","site","pie_published","pie_s1","long","lat","pie_match"
"1","Kolindsund","C5 D7","C5 D7",10.665672,56.38181,TRUE
"2","Eskelund","C5 C13","C5 C13",10.158025,56.140329,TRUE
"3","Horsens ""Loddentot""","C4 C5","C4 C5",9.872874,55.874518,TRUE
"4","Stensballe Sund","C5 D7","C5 D7",9.889221,55.871418,TRUE
"5","Torpegård","C4 C5 C12","C4 C5 C12",10.015375,55.345056,TRUE
"6","Bogø Nor","C4 C5 C12 C13","C4 C5 C12 C13",10.726531,54.858156,TRUE
"7","Korsør, Glasværk","C4 C5","C4 C5",11.147645,55.329666,TRUE
"8","Skellingsted Bro","C4 C5 C12 C13 D7","C4 C5 C12 C13 D7",11.46378,55.590535,TRUE
"9","Ydernæs 6 (Fiskerhuset)","C12 C13","C12 C13",11.731156,55.21105,TRUE
"10","Revlen","C12 C13","C12 C13",12.193579,55.490455,TRUE
