"ksngrams","observed_freq","token1","token2","token1_freq","token2_freq","expected_freq","PMI"
"a1 b10",15,"a1","b10",136,50,14.1078838174274,0.0613164239886123
"a1 c1",44,"a1","c1",136,125,35.2697095435685,0.221165124930508
"a1 e1",8,"a1","e1",136,17,4.79668049792531,0.511517425938168
"a1 f5",12,"a1","f5",136,36,10.1576763485477,0.166676939646439
"a1 f7",2,"a1","f7",136,2,0.564315352697095,1.26528922831455
"a1 f10",1,"a1","f10",136,1,0.282157676348548,1.26528922831455
"a1 f12",6,"a1","f12",136,22,6.20746887966805,-0.0339937558157125
"a1 f14",9,"a1","f14",136,16,4.51452282157676,0.689925083410986
"a1 f49",1,"a1","f49",136,2,0.564315352697095,0.572142047754603
"b10 c1",13,"b10","c1",50,125,12.9668049792531,0.00255672878168975
"b10 e1",4,"b10","e1",50,17,1.76348547717842,0.819002125686129
"b10 f5",9,"b10","f5",50,36,3.7344398340249,0.879626747502564
"b10 f7",1,"b10","f7",50,2,0.20746887966805,1.57277392806251
"b10 f10",1,"b10","f10",50,1,0.103734439834025,2.26592110862245
"b10 f12",4,"b10","f12",50,22,2.28215767634855,0.561173016384029
"b10 f14",4,"b10","f14",50,16,1.6597510373444,0.879626747502564
"b10 f49",1,"b10","f49",50,2,0.20746887966805,1.57277392806251
"c1 e1",5,"c1","e1",125,17,4.40871369294606,0.125854945126183
"c1 f5",12,"c1","f5",125,36,9.33609958506224,0.251018088080189
"c1 f7",1,"c1","f7",125,2,0.518672199170125,0.656483196188354
"c1 f10",1,"c1","f10",125,1,0.259336099585062,1.3496303767483
"c1 f12",10,"c1","f12",125,22,5.70539419087137,0.561173016384029
"c1 f14",6,"c1","f14",125,16,4.149377593361,0.368801123736573
"c1 f49",1,"c1","f49",125,2,0.518672199170125,0.656483196188354
"e1 f5",6,"e1","f5",17,36,1.26970954356846,1.55297130076633
"e1 f7",2,"e1","f7",17,2,0.0705394190871369,3.34473076999438
"e1 f10",1,"e1","f10",17,1,0.0352697095435685,3.34473076999438
"e1 f12",6,"e1","f12",17,22,0.775933609958506,2.04544778586412
"e1 f14",4,"e1","f14",17,16,0.564315352697095,1.95843640887449
"e1 f49",1,"e1","f49",17,2,0.0705394190871369,2.65158358943444
"f5 f7",2,"f5","f7",36,2,0.149377593360996,2.59442517559449
"f5 f10",1,"f5","f10",36,1,0.0746887966804979,2.59442517559449
"f5 f12",8,"f5","f12",36,22,1.64315352697095,1.58282426391601
"f5 f14",5,"f5","f14",36,16,1.19502074688797,1.43127436578881
"f5 f49",1,"f5","f49",36,2,0.149377593360996,1.90127799503455
"f7 f10",1,"f7","f10",2,1,0.004149377593361,5.48479693349065
"f7 f12",1,"f7","f12",2,22,0.0912863070539419,2.39375448013234
"f7 f14",1,"f7","f14",2,16,0.0663900414937759,2.71220821125087
"f7 f49",1,"f7","f49",2,2,0.00829875518672199,4.79164975293071
"f10 f12",1,"f10","f12",1,22,0.045643153526971,3.08690166069228
"f10 f14",1,"f10","f14",1,16,0.033195020746888,3.40535539181082
"f10 f49",1,"f10","f49",1,2,0.004149377593361,5.48479693349065
"f12 f14",3,"f12","f14",22,16,0.730290456431535,1.41292522712061
"f12 f49",1,"f12","f49",22,2,0.0912863070539419,2.39375448013234
"f14 f49",1,"f14","f49",16,2,0.0663900414937759,2.71220821125087
"a1 g1",28,"a1","g1",136,97,27.3692946058091,0.0227827599863693
"c1 g1",44,"c1","g1",125,97,25.155601659751,0.559109032163177
"b13 c2",1,"b13","c2",11,3,0.0684647302904564,2.68143655258412
"b13 f5",3,"b13","f5",11,36,0.821576763485477,1.29514219146423
"b13 f53",1,"b13","f53",11,2,0.045643153526971,3.08690166069228
"b13 h1",1,"b13","h1",11,49,1.11825726141079,-0.111771456858397
"b13 relief",1,"b13","relief",11,6,0.136929460580913,1.98828937202417
"c2 f5",1,"c2","f5",3,36,0.224066390041494,1.49581288692638
"c2 f53",1,"c2","f53",3,2,0.012448132780083,4.38618464482255
"c2 h1",1,"c2","h1",3,49,0.304979253112033,1.18751152727186
"c2 relief",1,"c2","relief",3,6,0.037344398340249,3.28757235615444
"f5 f53",1,"f5","f53",36,2,0.149377593360996,1.90127799503455
"f5 h1",6,"f5","h1",36,49,3.6597510373444,0.494364346711919
"f5 relief",1,"f5","relief",36,6,0.448132780082988,0.802665706366435
"f53 h1",1,"f53","h1",2,49,0.203319502074689,1.59297663538003
"f53 relief",1,"f53","relief",2,6,0.024896265560166,3.6930374642626
"h1 relief",4,"h1","relief",49,6,0.609958506224066,1.88065870783181
"a3 f51",1,"a3","f51",22,3,0.136929460580913,1.98828937202417
"a3 g1",7,"a3","g1",22,97,4.42738589211618,0.458100831244215
"a3 g2",1,"a3","g2",22,23,1.04979253112033,-0.0485925552368653
"f51 g1",2,"f51","g1",3,97,0.603734439834025,1.19776802743905
"f51 g2",1,"f51","g2",3,23,0.143153526970954,1.94383760945334
"g1 g2",12,"g1","g2",97,23,4.62863070539419,0.952645569406068
"a1 b6",3,"a1","b6",136,14,3.95020746887967,-0.275155812632601
"a1 b8",4,"a1","b8",136,6,1.69294605809129,0.859824120206384
"a1 d27",1,"a1","d27",136,1,0.282157676348548,1.26528922831455
"a1 e20",1,"a1","e20",136,1,0.282157676348548,1.26528922831455
"b6 b8",1,"b6","b8",14,6,0.174273858921162,1.74712731520729
"b6 d27",1,"b6","d27",14,1,0.029045643153527,3.53888678443534
"b6 e1",2,"b6","e1",14,17,0.493775933609959,1.39882062093907
"b6 e20",1,"b6","e20",14,1,0.029045643153527,3.53888678443534
"b6 f5",2,"b6","f5",14,36,1.04564315352697,0.648515026539177
"b6 f7",1,"b6","f7",14,2,0.0580912863070539,2.8457396038754
"b8 d27",1,"b8","d27",6,1,0.012448132780083,4.38618464482255
"b8 e1",1,"b8","e1",6,17,0.211618257261411,1.55297130076633
"b8 e20",1,"b8","e20",6,1,0.012448132780083,4.38618464482255
"b8 f5",1,"b8","f5",6,36,0.448132780082988,0.802665706366435
"b8 f7",1,"b8","f7",6,2,0.024896265560166,3.6930374642626
"d27 e1",1,"d27","e1",1,17,0.0352697095435685,3.34473076999438
"d27 e20",1,"d27","e20",1,1,0.0020746887966805,6.1779441140506
"d27 f5",1,"d27","f5",1,36,0.0746887966804979,2.59442517559449
"d27 f7",1,"d27","f7",1,2,0.004149377593361,5.48479693349065
"e1 e20",1,"e1","e20",17,1,0.0352697095435685,3.34473076999438
"e20 f5",1,"e20","f5",1,36,0.0746887966804979,2.59442517559449
"e20 f7",1,"e20","f7",1,2,0.004149377593361,5.48479693349065
"a1 c9",1,"a1","c9",136,3,0.846473029045643,0.166676939646439
"a1 c13",1,"a1","c13",136,8,2.25726141078838,-0.814152313365288
"a1 d22",2,"a1","d22",136,5,1.41078838174274,0.348998496440393
"a1 e25",1,"a1","e25",136,1,0.282157676348548,1.26528922831455
"a1 f13",6,"a1","f13",136,9,2.53941908713693,0.859824120206384
"a1 f25",1,"a1","f25",136,1,0.282157676348548,1.26528922831455
"a1 ant",10,"a1","ant",136,26,7.33609958506224,0.309777783287112
"c1 c9",1,"c1","c9",125,3,0.778008298755187,0.251018088080189
"c1 c13",6,"c1","c13",125,8,2.0746887966805,1.06194830429652
"c1 d22",1,"c1","d22",125,5,1.29668049792531,-0.259807535685801
"c1 e25",1,"c1","e25",125,1,0.259336099585062,1.3496303767483
"c1 f13",7,"c1","f13",125,9,2.33402489626556,1.09831594846739
"c1 f25",1,"c1","f25",125,1,0.259336099585062,1.3496303767483
"c1 ant",6,"c1","ant",125,26,6.74273858921162,-0.116706692045128
"c9 c13",1,"c9","c13",3,8,0.0497925311203319,2.99989028370265
"c9 d22",2,"c9","d22",3,5,0.0311203319502075,4.16304109350834
"c9 e25",1,"c9","e25",3,1,0.00622406639004149,5.07933182538249
"c9 f12",1,"c9","f12",3,22,0.136929460580913,1.98828937202417
"c9 f13",1,"c9","f13",3,9,0.0560165975103734,2.88210724804627
"c9 f25",1,"c9","f25",3,1,0.00622406639004149,5.07933182538249
"c9 g1",2,"c9","g1",3,97,0.603734439834025,1.19776802743905
"c9 ant",1,"c9","ant",3,26,0.161825726141079,1.82123528736101
"c13 d22",1,"c13","d22",8,5,0.0829875518672199,2.48906465993666
"c13 e25",1,"c13","e25",8,1,0.016597510373444,4.09850257237076
"c13 f12",1,"c13","f12",8,22,0.365145228215768,1.00746011901245
"c13 f13",1,"c13","f13",8,9,0.149377593360996,1.90127799503455
"c13 f25",1,"c13","f25",8,1,0.016597510373444,4.09850257237076
"c13 g1",4,"c13","g1",8,97,1.60995850622407,0.910085954987272
"c13 ant",1,"c13","ant",8,26,0.431535269709544,0.840406034349282
"d22 e25",1,"d22","e25",5,1,0.0103734439834025,4.5685062016165
"d22 f12",1,"d22","f12",5,22,0.228215767634855,1.47746374825818
"d22 f13",1,"d22","f13",5,9,0.0933609958506224,2.37128162428028
"d22 f25",1,"d22","f25",5,1,0.0103734439834025,4.5685062016165
"d22 g1",2,"d22","g1",5,97,1.00622406639004,0.686942403673062
"d22 ant",1,"d22","ant",5,26,0.269709543568465,1.31040966359502
"e25 f12",1,"e25","f12",1,22,0.045643153526971,3.08690166069228
"e25 f13",1,"e25","f13",1,9,0.0186721991701245,3.98071953671438
"e25 f25",1,"e25","f25",1,1,0.0020746887966805,6.1779441140506
"e25 g1",1,"e25","g1",1,97,0.201244813278008,1.60323313554722
"e25 ant",1,"e25","ant",1,26,0.0539419087136929,2.91984757602912
"f12 f13",3,"f12","f13",22,9,0.410788381742739,1.98828937202417
"f12 f25",1,"f12","f25",22,1,0.045643153526971,3.08690166069228
"f12 g1",6,"f12","g1",22,97,4.42738589211618,0.303950151416957
"f12 ant",3,"f12","ant",22,26,1.18672199170124,0.927417411338912
"f13 f25",1,"f13","f25",9,1,0.0186721991701245,3.98071953671438
"f13 g1",6,"f13","g1",9,97,1.81120331950207,1.19776802743905
"f13 ant",1,"f13","ant",9,26,0.485477178423237,0.722622998692899
"f25 g1",1,"f25","g1",1,97,0.201244813278008,1.60323313554722
"f25 ant",1,"f25","ant",1,26,0.0539419087136929,2.91984757602912
"g1 ant",4,"g1","ant",97,26,5.23236514522822,-0.268569041354374
"c1 f18",1,"c1","f18",125,1,0.259336099585062,1.3496303767483
"c1 f52",2,"c1","f52",125,2,0.518672199170125,1.3496303767483
"c1 f55",3,"c1","f55",125,3,0.778008298755187,1.3496303767483
"c1 relief",2,"c1","relief",125,6,1.55601659751037,0.251018088080189
"f18 f52",1,"f18","f52",1,2,0.004149377593361,5.48479693349065
"f18 f55",1,"f18","f55",1,3,0.00622406639004149,5.07933182538249
"f18 g1",1,"f18","g1",1,97,0.201244813278008,1.60323313554722
"f18 relief",1,"f18","relief",1,6,0.012448132780083,4.38618464482255
"f52 f55",1,"f52","f55",2,3,0.012448132780083,4.38618464482255
"f52 g1",2,"f52","g1",2,97,0.402489626556017,1.60323313554722
"f52 relief",1,"f52","relief",2,6,0.024896265560166,3.6930374642626
"f55 g1",2,"f55","g1",3,97,0.603734439834025,1.19776802743905
"f55 relief",1,"f55","relief",3,6,0.037344398340249,3.28757235615444
"g1 relief",1,"g1","relief",97,6,1.20746887966805,-0.188526333680837
"c1 c4",5,"c1","c4",125,6,1.55601659751037,1.16730881995434
"c1 c5",9,"c1","c5",125,18,4.66804979253112,0.656483196188354
"c1 c12",7,"c1","c12",125,9,2.33402489626556,1.09831594846739
"c4 c5",5,"c4","c5",6,18,0.224066390041494,3.10525079936048
"c4 c12",3,"c4","c12",6,9,0.112033195020747,3.28757235615444
"c4 c13",2,"c4","c13",6,8,0.0995850622406639,2.99989028370265
"c4 g1",2,"c4","g1",6,97,1.20746887966805,0.504620846879108
"c5 c12",3,"c5","c12",18,9,0.336099585062241,2.18896006748633
"c5 c13",3,"c5","c13",18,8,0.298755186721992,2.30674310314271
"c5 g1",7,"c5","g1",18,97,3.62240663900415,0.658771526706366
"c12 c13",4,"c12","c13",9,8,0.149377593360996,3.28757235615444
"c12 g1",5,"c12","g1",9,97,1.81120331950207,1.0154464706451
"a3 a24",5,"a3","a24",22,69,3.149377593361,0.462233068529126
"a3 c1",9,"a3","c1",22,125,5.70539419087137,0.455812500726203
"a3 d19",1,"a3","d19",22,10,0.456431535269709,0.784316567698239
"a3 d20",1,"a3","d20",22,1,0.045643153526971,3.08690166069228
"a3 h1",5,"a3","h1",22,49,2.23651452282158,0.804519275015758
"a24 c1",15,"a24","c1",69,125,17.8941908713693,-0.17642592674675
"a24 d19",3,"a24","d19",69,10,1.43153526970954,0.739864805127405
"a24 d20",1,"a24","d20",69,1,0.143153526970954,1.94383760945334
"a24 g1",5,"a24","g1",69,97,13.8858921161826,-1.02143545661594
"a24 h1",7,"a24","h1",69,49,7.01452282157676,-0.00207253960197242
"c1 d19",1,"c1","d19",125,10,2.59336099585062,-0.952954716245746
"c1 d20",1,"c1","d20",125,1,0.259336099585062,1.3496303767483
"c1 h1",14,"c1","h1",125,49,12.7074688796681,0.0968674082529311
"d19 d20",1,"d19","d20",10,1,0.020746887966805,3.87535902105655
"d19 g1",2,"d19","g1",10,97,2.01244813278008,-0.00620477688688287
"d19 h1",1,"d19","h1",10,49,1.01659751037344,-0.016461277054072
"d20 g1",1,"d20","g1",1,97,0.201244813278008,1.60323313554722
"d20 h1",1,"d20","h1",1,49,0.101659751037344,2.28612381593997
"g1 h1",10,"g1","h1",97,49,9.86099585062241,0.0139979304306366
"a1 a3",9,"a1","a3",136,22,6.20746887966805,0.371471352292452
"a1 a4",2,"a1","a4",136,2,0.564315352697095,1.26528922831455
"a1 a5",8,"a1","a5",136,19,5.36099585062241,0.400291790827944
"a1 a24",22,"a1","a24",136,69,19.4688796680498,0.122225177075605
"a1 b12",4,"a1","b12",136,6,1.69294605809129,0.859824120206384
"a1 g12",1,"a1","g12",136,2,0.564315352697095,0.572142047754603
"a1 h1",16,"a1","h1",136,49,13.8257261410788,0.146057652443703
"a3 a4",1,"a3","a4",22,2,0.0912863070539419,2.39375448013234
"a3 a5",1,"a3","a5",22,19,0.867219917012448,0.142462681525844
"a3 b10",3,"a3","b10",22,50,2.28215767634855,0.273490943932248
"a3 b12",1,"a3","b12",22,6,0.273858921161826,1.29514219146423
"a3 f5",3,"a3","f5",22,36,1.64315352697095,0.601995010904284
"a3 g12",1,"a3","g12",22,2,0.0912863070539419,2.39375448013234
"a3 ant",3,"a3","ant",22,26,1.18672199170124,0.927417411338912
"a4 a5",2,"a4","a5",2,19,0.0788381742738589,3.23350513488416
"a4 a24",1,"a4","a24",2,69,0.286307053941909,1.2506904288934
"a4 b10",1,"a4","b10",2,50,0.20746887966805,1.57277392806251
"a4 b12",1,"a4","b12",2,6,0.024896265560166,3.6930374642626
"a4 f5",1,"a4","f5",2,36,0.149377593360996,1.90127799503455
"a4 g12",1,"a4","g12",2,2,0.00829875518672199,4.79164975293071
"a4 h1",1,"a4","h1",2,49,0.203319502074689,1.59297663538003
"a4 ant",1,"a4","ant",2,26,0.107883817427386,2.22670039546917
"a5 a24",7,"a5","a24",19,69,2.71991701244813,0.945308779342214
"a5 b10",3,"a5","b10",19,50,1.97095435684647,0.420094418124123
"a5 b12",1,"a5","b12",19,6,0.236514522821577,1.4417456656561
"a5 f5",2,"a5","f5",19,36,1.41908713692946,0.343133376987995
"a5 g12",1,"a5","g12",19,2,0.0788381742738589,2.54035795432421
"a5 h1",3,"a5","h1",19,49,1.93153526970954,0.440297125441643
"a5 ant",1,"a5","ant",19,26,1.02489626556017,-0.0245914031373221
"a24 b10",13,"a24","b10",69,50,7.15767634854772,0.596763961486732
"a24 b12",3,"a24","b12",69,6,0.858921161825726,1.2506904288934
"a24 f5",4,"a24","f5",69,36,5.15352697095436,-0.253386967882878
"a24 g12",1,"a24","g12",69,2,0.286307053941909,1.2506904288934
"a24 ant",10,"a24","ant",69,26,3.72199170124481,0.988326164425904
"b10 b12",4,"b10","b12",50,6,0.622406639004149,1.86045600051429
"b10 g12",1,"b10","g12",50,2,0.20746887966805,1.57277392806251
"b10 h1",7,"b10","h1",50,49,5.08298755186722,0.320010959567141
"b10 ant",7,"b10","ant",50,26,2.69709543568465,0.953734719656286
"b12 f5",2,"b12","f5",6,36,0.448132780082988,1.49581288692638
"b12 g12",1,"b12","g12",6,2,0.024896265560166,3.6930374642626
"b12 h1",1,"b12","h1",6,49,0.609958506224066,0.494364346711919
"b12 ant",3,"b12","ant",6,26,0.323651452282158,2.22670039546917
"f5 g12",1,"f5","g12",36,2,0.149377593360996,1.90127799503455
"f5 ant",4,"f5","ant",36,26,1.94190871369295,0.722622998692899
"g12 h1",2,"g12","h1",2,49,0.203319502074689,2.28612381593997
"g12 ant",1,"g12","ant",2,26,0.107883817427386,2.22670039546917
"h1 ant",3,"h1","ant",49,26,2.64315352697095,0.126639566586601
"a1 g20",1,"a1","g20",136,2,0.564315352697095,0.572142047754603
"a1 g22",1,"a1","g22",136,1,0.282157676348548,1.26528922831455
"c1 g20",1,"c1","g20",125,2,0.518672199170125,0.656483196188354
"c1 g22",1,"c1","g22",125,1,0.259336099585062,1.3496303767483
"f13 g20",1,"f13","g20",9,2,0.037344398340249,3.28757235615444
"f13 g22",1,"f13","g22",9,1,0.0186721991701245,3.98071953671438
"g20 g22",1,"g20","g22",2,1,0.004149377593361,5.48479693349065
"a3 d29",1,"a3","d29",22,7,0.319502074688797,1.14099151163697
"a3 e1",1,"a3","e1",22,17,0.775933609958506,0.253688316636068
"a3 f12",2,"a3","f12",22,22,1.00414937759336,0.689006387893914
"a3 f60",1,"a3","f60",22,1,0.045643153526971,3.08690166069228
"d29 e1",1,"d29","e1",7,17,0.246887966804979,1.39882062093907
"d29 f12",1,"d29","f12",7,22,0.319502074688797,1.14099151163697
"d29 f60",1,"d29","f60",7,1,0.0145228215767635,4.23203396499529
"e1 f60",1,"e1","f60",17,1,0.0352697095435685,3.34473076999438
"f12 f60",1,"f12","f60",22,1,0.045643153526971,3.08690166069228
"b7 ant",1,"b7","ant",5,26,0.269709543568465,1.31040966359502
"h1 zoo",3,"h1","zoo",49,21,2.13485477178423,0.340213666884661
"i11 ant",1,"i11","ant",1,26,0.0539419087136929,2.91984757602912
"c1 i5",1,"c1","i5",125,6,1.55601659751037,-0.442129092479756
"c1 i13",1,"c1","i13",125,4,1.03734439834025,-0.0366639843715915
"c1 i22",1,"c1","i22",125,1,0.259336099585062,1.3496303767483
"c1 i23",1,"c1","i23",125,1,0.259336099585062,1.3496303767483
"i5 i13",3,"i5","i13",6,4,0.0497925311203319,4.09850257237076
"i5 i22",1,"i5","i22",6,1,0.012448132780083,4.38618464482255
"i5 i23",1,"i5","i23",6,1,0.012448132780083,4.38618464482255
"i5 ant",2,"i5","ant",6,26,0.323651452282158,1.82123528736101
"i13 i22",1,"i13","i22",4,1,0.00829875518672199,4.79164975293071
"i13 i23",1,"i13","i23",4,1,0.00829875518672199,4.79164975293071
"i13 ant",2,"i13","ant",4,26,0.215767634854772,2.22670039546917
"i22 i23",1,"i22","i23",1,1,0.0020746887966805,6.1779441140506
"i22 ant",1,"i22","ant",1,26,0.0539419087136929,2.91984757602912
"i23 ant",1,"i23","ant",1,26,0.0539419087136929,2.91984757602912
"d19 d22",1,"d19","d22",10,5,0.103734439834025,2.26592110862245
"c1 d15",5,"c1","d15",125,11,2.85269709543568,0.561173016384029
"c1 f15",3,"c1","f15",125,4,1.03734439834025,1.06194830429652
"d15 f15",1,"d15","f15",11,4,0.0912863070539419,2.39375448013234
"d15 g1",8,"d15","g1",11,97,2.21369294605809,1.28477940442868
"f15 g1",4,"f15","g1",4,97,0.804979253112033,1.60323313554722
"b1 h1",1,"b1","h1",13,49,1.32157676348548,-0.278825541521563
"c1 g2",10,"c1","g2",125,23,5.96473029045643,0.516721253813195
"c5 c14",1,"c5","c14",18,6,0.224066390041494,1.49581288692638
"c13 c14",2,"c13","c14",8,6,0.0995850622406639,2.99989028370265
"a1 c5",5,"a1","c5",136,18,5.07883817427386,-0.015644617147516
"a1 c6",1,"a1","c6",136,3,0.846473029045643,0.166676939646439
"a1 f55",1,"a1","f55",136,3,0.846473029045643,0.166676939646439
"a1 g7",3,"a1","g7",136,3,0.846473029045643,1.26528922831455
"c1 c6",2,"c1","c6",125,3,0.778008298755187,0.944165268640135
"c1 g7",2,"c1","g7",125,3,0.778008298755187,0.944165268640135
"c5 c6",2,"c5","c6",18,3,0.112033195020747,2.88210724804627
"c5 f55",1,"c5","f55",18,3,0.112033195020747,2.18896006748633
"c5 g7",1,"c5","g7",18,3,0.112033195020747,2.18896006748633
"c6 f55",1,"c6","f55",3,3,0.0186721991701245,3.98071953671438
"c6 g1",3,"c6","g1",3,97,0.603734439834025,1.60323313554722
"c6 g7",1,"c6","g7",3,3,0.0186721991701245,3.98071953671438
"f55 g7",1,"f55","g7",3,3,0.0186721991701245,3.98071953671438
"g1 g7",3,"g1","g7",97,3,0.603734439834025,1.60323313554722
"c1 zoo",5,"c1","zoo",125,21,5.44605809128631,-0.0854541485410235
"a1 e3",2,"a1","e3",136,2,0.564315352697095,1.26528922831455
"a1 f35",2,"a1","f35",136,4,1.12863070539419,0.572142047754603
"a24 e3",1,"a24","e3",69,2,0.286307053941909,1.2506904288934
"a24 f14",5,"a24","f14",69,16,2.29045643153527,0.78068679964766
"a24 f35",2,"a24","f35",69,4,0.572614107883817,1.2506904288934
"e3 f5",1,"e3","f5",2,36,0.149377593360996,1.90127799503455
"e3 f14",2,"e3","f14",2,16,0.0663900414937759,3.40535539181082
"e3 f35",1,"e3","f35",2,4,0.016597510373444,4.09850257237076
"e3 h1",1,"e3","h1",2,49,0.203319502074689,1.59297663538003
"f5 f35",1,"f5","f35",36,4,0.298755186721992,1.2081308144746
"f14 f35",3,"f14","f35",16,4,0.132780082987552,3.11767331935904
"f14 h1",3,"f14","h1",16,49,1.62655601659751,0.612147382368302
"f35 h1",2,"f35","h1",4,49,0.406639004149378,1.59297663538003
"b2 b10",12,"b2","b10",28,50,2.9045643153527,1.41862324823525
"b2 e8",1,"b2","e8",28,2,0.116182572614108,2.15259242331545
"b2 f5",5,"b2","f5",28,36,2.09128630705394,0.871658577853387
"b2 h1",5,"b2","h1",28,49,2.84647302904564,0.56335721819887
"b10 e8",2,"b10","e8",50,2,0.20746887966805,2.26592110862245
"e8 f5",1,"e8","f5",2,36,0.149377593360996,1.90127799503455
"e8 h1",1,"e8","h1",2,49,0.203319502074689,1.59297663538003
"a1 b4",4,"a1","b4",136,8,2.25726141078838,0.572142047754603
"a1 f15",3,"a1","f15",136,4,1.12863070539419,0.977607155862767
"a1 f45",1,"a1","f45",136,1,0.282157676348548,1.26528922831455
"b4 f14",1,"b4","f14",8,16,0.265560165975104,1.32591385013098
"b4 f15",1,"b4","f15",8,4,0.0663900414937759,2.71220821125087
"b4 f35",1,"b4","f35",8,4,0.0663900414937759,2.71220821125087
"b4 f45",1,"b4","f45",8,1,0.016597510373444,4.09850257237076
"b4 g1",3,"b4","g1",8,97,1.60995850622407,0.622403882535491
"b4 h1",2,"b4","h1",8,49,0.813278008298755,0.899829454820083
"f14 f15",2,"f14","f15",16,4,0.132780082987552,2.71220821125087
"f14 f45",1,"f14","f45",16,1,0.033195020746888,3.40535539181082
"f14 g1",4,"f14","g1",16,97,3.21991701244813,0.216938774427327
"f15 f35",1,"f15","f35",4,4,0.033195020746888,3.40535539181082
"f15 f45",1,"f15","f45",4,1,0.00829875518672199,4.79164975293071
"f15 h1",2,"f15","h1",4,49,0.406639004149378,1.59297663538003
"f35 f45",1,"f35","f45",4,1,0.00829875518672199,4.79164975293071
"f35 g1",1,"f35","g1",4,97,0.804979253112033,0.216938774427327
"f45 g1",1,"f45","g1",1,97,0.201244813278008,1.60323313554722
"f45 h1",1,"f45","h1",1,49,0.101659751037344,2.28612381593997
"c1 d3",4,"c1","d3",125,8,2.0746887966805,0.656483196188354
"d3 f5",2,"d3","f5",8,36,0.597510373443983,1.2081308144746
"d3 f12",2,"d3","f12",8,22,0.365145228215768,1.70060729957239
"a1 b1",6,"a1","b1",136,13,3.66804979253112,0.492099340081067
"a1 b7",1,"a1","b7",136,5,1.41078838174274,-0.344148684119552
"a24 b1",6,"a24","b1",69,13,1.86099585062241,1.17064772121986
"a24 b7",2,"a24","b7",69,5,0.715767634854772,1.02754687757919
"a24 b8",2,"a24","b8",69,6,0.858921161825726,0.845225320785231
"b1 b7",1,"b1","b7",13,5,0.134854771784232,2.00355684415496
"b1 b8",2,"b1","b8",13,6,0.161825726141079,2.51438246792095
"b7 b8",1,"b7","b8",5,6,0.0622406639004149,2.77674673238845
"f5 f46",1,"f5","f46",36,1,0.0746887966804979,2.59442517559449
"f5 f16",2,"f5","f16",36,3,0.224066390041494,2.18896006748633
"f5 f27",1,"f5","f27",36,2,0.149377593360996,1.90127799503455
"f12 f16",1,"f12","f16",22,3,0.136929460580913,1.98828937202417
"f12 f27",1,"f12","f27",22,2,0.0912863070539419,2.39375448013234
"f16 f27",1,"f16","f27",3,2,0.012448132780083,4.38618464482255
"b4 b10",2,"b4","b10",8,50,0.829875518672199,0.879626747502564
"b4 b13",1,"b4","b13",8,11,0.182572614107884,1.70060729957239
"b4 c1",3,"b4","c1",8,125,2.0746887966805,0.368801123736573
"b4 e1",1,"b4","e1",8,17,0.282157676348548,1.26528922831455
"b4 e5",1,"b4","e5",8,7,0.116182572614108,2.15259242331545
"b4 f5",3,"b4","f5",8,36,0.597510373443983,1.61359592258276
"b4 f12",3,"b4","f12",8,22,0.365145228215768,2.10607240768056
"b4 f13",1,"b4","f13",8,9,0.149377593360996,1.90127799503455
"b4 f37",1,"b4","f37",8,2,0.033195020746888,3.40535539181082
"b4 f38",1,"b4","f38",8,3,0.0497925311203319,2.99989028370265
"b4 f40",1,"b4","f40",8,1,0.016597510373444,4.09850257237076
"b10 b13",3,"b10","b13",50,11,1.14107883817427,0.966638124492194
"b10 e5",3,"b10","e5",50,7,0.726141078838174,1.41862324823525
"b10 f13",1,"b10","f13",50,9,0.933609958506224,0.0686965312862349
"b10 f37",2,"b10","f37",50,2,0.20746887966805,2.26592110862245
"b10 f38",3,"b10","f38",50,3,0.311203319502075,2.26592110862245
"b10 f40",1,"b10","f40",50,1,0.103734439834025,2.26592110862245
"b10 g1",6,"b10","g1",50,97,10.0622406639004,-0.517030400652874
"b13 c1",3,"b13","c1",11,125,2.85269709543568,0.0503473926180384
"b13 e1",3,"b13","e1",11,17,0.387966804979253,2.04544778586412
"b13 e5",2,"b13","e5",11,7,0.159751037344398,2.52728587275686
"b13 f12",1,"b13","f12",11,22,0.50207468879668,0.689006387893914
"b13 f13",1,"b13","f13",11,9,0.205394190871369,1.58282426391601
"b13 f37",1,"b13","f37",11,2,0.045643153526971,3.08690166069228
"b13 f38",1,"b13","f38",11,3,0.0684647302904564,2.68143655258412
"b13 f40",1,"b13","f40",11,1,0.0228215767634855,3.78004884125223
"b13 g1",3,"b13","g1",11,97,2.21369294605809,0.303950151416957
"c1 e5",3,"c1","e5",125,7,1.81535269709544,0.502332516361095
"c1 f37",1,"c1","f37",125,2,0.518672199170125,0.656483196188354
"c1 f38",1,"c1","f38",125,3,0.778008298755187,0.251018088080189
"c1 f40",1,"c1","f40",125,1,0.259336099585062,1.3496303767483
"e1 e5",3,"e1","e5",17,7,0.246887966804979,2.49743290960718
"e1 f13",1,"e1","f13",17,9,0.317427385892116,1.14750619265816
"e1 f37",1,"e1","f37",17,2,0.0705394190871369,2.65158358943444
"e1 f38",1,"e1","f38",17,3,0.105809128630705,2.24611848132627
"e1 f40",1,"e1","f40",17,1,0.0352697095435685,3.34473076999438
"e1 g1",4,"e1","g1",17,97,3.42116182572614,0.156314152610892
"e5 f5",1,"e5","f5",7,36,0.522821576763486,0.648515026539177
"e5 f12",2,"e5","f12",7,22,0.319502074688797,1.83413869219692
"e5 f13",1,"e5","f13",7,9,0.130705394190871,2.03480938765907
"e5 f37",1,"e5","f37",7,2,0.029045643153527,3.53888678443534
"e5 f38",1,"e5","f38",7,3,0.0435684647302905,3.13342167632718
"e5 f40",1,"e5","f40",7,1,0.0145228215767635,4.23203396499529
"e5 g1",4,"e5","g1",7,97,1.40871369294606,1.04361734761179
"f5 f13",1,"f5","f13",36,9,0.672199170124481,0.397200598258271
"f5 f37",1,"f5","f37",36,2,0.149377593360996,1.90127799503455
"f5 f38",1,"f5","f38",36,3,0.224066390041494,1.49581288692638
"f5 f40",1,"f5","f40",36,1,0.0746887966804979,2.59442517559449
"f5 g1",5,"f5","g1",36,97,7.2448132780083,-0.370847890474792
"f12 f37",2,"f12","f37",22,2,0.0912863070539419,3.08690166069228
"f12 f38",2,"f12","f38",22,3,0.136929460580913,2.68143655258412
"f12 f40",1,"f12","f40",22,1,0.045643153526971,3.08690166069228
"f13 f37",1,"f13","f37",9,2,0.037344398340249,3.28757235615444
"f13 f38",1,"f13","f38",9,3,0.0560165975103734,2.88210724804627
"f13 f40",1,"f13","f40",9,1,0.0186721991701245,3.98071953671438
"f37 f38",2,"f37","f38",2,3,0.012448132780083,5.07933182538249
"f37 f40",1,"f37","f40",2,1,0.004149377593361,5.48479693349065
"f37 g1",1,"f37","g1",2,97,0.402489626556017,0.910085954987272
"f38 f40",1,"f38","f40",3,1,0.00622406639004149,5.07933182538249
"f38 g1",1,"f38","g1",3,97,0.603734439834025,0.504620846879108
"f40 g1",1,"f40","g1",1,97,0.201244813278008,1.60323313554722
"b1 c1",6,"b1","c1",13,125,3.37136929460581,0.576440488514817
"b1 d11",1,"b1","d11",13,4,0.107883817427386,2.22670039546917
"b1 f63",1,"b1","f63",13,1,0.0269709543568465,3.61299475658906
"b1 g1",3,"b1","g1",13,97,2.61618257261411,0.13689606675379
"c1 d11",2,"c1","d11",125,4,1.03734439834025,0.656483196188354
"c1 f63",1,"c1","f63",125,1,0.259336099585062,1.3496303767483
"d11 f63",1,"d11","f63",4,1,0.00829875518672199,4.79164975293071
"d11 g1",2,"d11","g1",4,97,0.804979253112033,0.910085954987272
"f63 g1",1,"f63","g1",1,97,0.201244813278008,1.60323313554722
"b1 f5",1,"b1","f5",13,36,0.970954356846473,0.0294758181329535
"c1 g12",1,"c1","g12",125,2,0.518672199170125,0.656483196188354
"c1 g23",1,"c1","g23",125,1,0.259336099585062,1.3496303767483
"g12 g23",1,"g12","g23",2,1,0.004149377593361,5.48479693349065
"g23 h1",1,"g23","h1",1,49,0.101659751037344,2.28612381593997
"i1 i8",1,"i1","i8",34,1,0.0705394190871369,2.65158358943444
"i1 i13",3,"i1","i13",34,4,0.282157676348548,2.36390151698266
"i1 i15",2,"i1","i15",34,2,0.141078838174274,2.65158358943444
"i8 i13",1,"i8","i13",1,4,0.00829875518672199,4.79164975293071
"i8 i15",1,"i8","i15",1,2,0.004149377593361,5.48479693349065
"i13 i15",1,"i13","i15",4,2,0.016597510373444,4.09850257237076
"i7 i21",1,"i7","i21",2,1,0.004149377593361,5.48479693349065
"a1 b11",2,"a1","b11",136,3,0.846473029045643,0.859824120206384
"a1 g6",1,"a1","g6",136,1,0.282157676348548,1.26528922831455
"b10 b11",1,"b10","b11",50,3,0.311203319502075,1.16730881995434
"b10 d22",2,"b10","d22",50,5,0.518672199170124,1.3496303767483
"b10 g6",1,"b10","g6",50,1,0.103734439834025,2.26592110862245
"b11 b12",1,"b11","b12",3,6,0.037344398340249,3.28757235615444
"b11 d22",1,"b11","d22",3,5,0.0311203319502075,3.46989391294839
"b11 f14",1,"b11","f14",3,16,0.0995850622406639,2.30674310314271
"b11 g6",1,"b11","g6",3,1,0.00622406639004149,5.07933182538249
"b12 d22",1,"b12","d22",6,5,0.0622406639004149,2.77674673238845
"b12 f14",1,"b12","f14",6,16,0.199170124481328,1.61359592258276
"b12 g6",1,"b12","g6",6,1,0.012448132780083,4.38618464482255
"d22 f14",1,"d22","f14",5,16,0.16597510373444,1.79591747937672
"d22 g6",1,"d22","g6",5,1,0.0103734439834025,4.5685062016165
"f14 g6",1,"f14","g6",16,1,0.033195020746888,3.40535539181082
"i1 i5",3,"i1","i5",34,6,0.423236514522822,1.95843640887449
"i5 i15",1,"i5","i15",6,2,0.024896265560166,3.6930374642626
"b6 b7",2,"b6","b7",14,5,0.145228215767635,2.62259605256119
"b6 b13",1,"b6","b13",14,11,0.319502074688797,1.14099151163697
"b6 d19",1,"b6","d19",14,10,0.29045643153527,1.2363016914413
"b6 d21",1,"b6","d21",14,2,0.0580912863070539,2.8457396038754
"b6 d23",1,"b6","d23",14,2,0.0580912863070539,2.8457396038754
"b6 f4",1,"b6","f4",14,2,0.0580912863070539,2.8457396038754
"b7 b13",1,"b7","b13",5,11,0.114107883817427,2.17061092881813
"b7 d19",1,"b7","d19",5,10,0.103734439834025,2.26592110862245
"b7 d21",1,"b7","d21",5,2,0.020746887966805,3.87535902105655
"b7 d23",1,"b7","d23",5,2,0.020746887966805,3.87535902105655
"b7 f4",1,"b7","f4",5,2,0.020746887966805,3.87535902105655
"b13 d19",1,"b13","d19",11,10,0.228215767634855,1.47746374825818
"b13 d21",1,"b13","d21",11,2,0.045643153526971,3.08690166069228
"b13 d23",1,"b13","d23",11,2,0.045643153526971,3.08690166069228
"b13 f4",1,"b13","f4",11,2,0.045643153526971,3.08690166069228
"d19 d21",1,"d19","d21",10,2,0.04149377593361,3.18221184049661
"d19 d23",1,"d19","d23",10,2,0.04149377593361,3.18221184049661
"d19 f4",1,"d19","f4",10,2,0.04149377593361,3.18221184049661
"d21 d23",1,"d21","d23",2,2,0.00829875518672199,4.79164975293071
"d21 f4",1,"d21","f4",2,2,0.00829875518672199,4.79164975293071
"d23 f4",1,"d23","f4",2,2,0.00829875518672199,4.79164975293071
"c5 h1",1,"c5","h1",18,49,1.8298755186722,-0.604247941956191
"a1 c4",2,"a1","c4",136,6,1.69294605809129,0.166676939646439
"a1 d14",2,"a1","d14",136,2,0.564315352697095,1.26528922831455
"c1 d14",1,"c1","d14",125,2,0.518672199170125,0.656483196188354
"c4 d14",1,"c4","d14",6,2,0.024896265560166,3.6930374642626
"c5 d14",1,"c5","d14",18,2,0.0746887966804979,2.59442517559449
"a1 d10",1,"a1","d10",136,2,0.564315352697095,0.572142047754603
"a1 g21",1,"a1","g21",136,1,0.282157676348548,1.26528922831455
"b4 d10",1,"b4","d10",8,2,0.033195020746888,3.40535539181082
"b4 d14",1,"b4","d14",8,2,0.033195020746888,3.40535539181082
"b4 g21",1,"b4","g21",8,1,0.016597510373444,4.09850257237076
"d10 d14",1,"d10","d14",2,2,0.00829875518672199,4.79164975293071
"d10 g21",1,"d10","g21",2,1,0.004149377593361,5.48479693349065
"d14 g21",1,"d14","g21",2,1,0.004149377593361,5.48479693349065
"a1 d29",4,"a1","d29",136,7,1.97510373443983,0.705673440379126
"a1 b2",12,"a1","b2",136,28,7.90041493775934,0.417991367927345
"a1 d4",2,"a1","d4",136,2,0.564315352697095,1.26528922831455
"a1 d5",5,"a1","d5",136,5,1.41078838174274,1.26528922831455
"a1 d21",1,"a1","d21",136,2,0.564315352697095,0.572142047754603
"a1 d30",2,"a1","d30",136,2,0.564315352697095,1.26528922831455
"a24 b2",8,"a24","b2",69,28,4.00829875518672,0.691074640957973
"a24 d4",1,"a24","d4",69,2,0.286307053941909,1.2506904288934
"a24 d5",4,"a24","d5",69,5,0.715767634854772,1.72069405813913
"a24 d21",1,"a24","d21",69,2,0.286307053941909,1.2506904288934
"a24 d29",1,"a24","d29",69,7,1.00207468879668,-0.00207253960197242
"a24 d30",1,"a24","d30",69,2,0.286307053941909,1.2506904288934
"b2 d4",1,"b2","d4",28,2,0.116182572614108,2.15259242331545
"b2 d5",1,"b2","d5",28,5,0.29045643153527,1.2363016914413
"b2 d21",1,"b2","d21",28,2,0.116182572614108,2.15259242331545
"b2 d29",2,"b2","d29",28,7,0.406639004149378,1.59297663538003
"b2 d30",1,"b2","d30",28,2,0.116182572614108,2.15259242331545
"b2 ant",4,"b2","ant",28,26,1.5103734439834,0.973937426973805
"d4 d5",1,"d4","d5",2,5,0.020746887966805,3.87535902105655
"d4 d21",1,"d4","d21",2,2,0.00829875518672199,4.79164975293071
"d4 d29",1,"d4","d29",2,7,0.029045643153527,3.53888678443534
"d4 d30",2,"d4","d30",2,2,0.00829875518672199,5.48479693349065
"d4 h1",1,"d4","h1",2,49,0.203319502074689,1.59297663538003
"d4 ant",1,"d4","ant",2,26,0.107883817427386,2.22670039546917
"d5 d21",1,"d5","d21",5,2,0.020746887966805,3.87535902105655
"d5 d29",1,"d5","d29",5,7,0.0726141078838174,2.62259605256119
"d5 d30",1,"d5","d30",5,2,0.020746887966805,3.87535902105655
"d5 h1",1,"d5","h1",5,49,0.508298755186722,0.676685903505873
"d5 ant",4,"d5","ant",5,26,0.269709543568465,2.69670402471491
"d21 d29",1,"d21","d29",2,7,0.029045643153527,3.53888678443534
"d21 d30",1,"d21","d30",2,2,0.00829875518672199,4.79164975293071
"d21 h1",1,"d21","h1",2,49,0.203319502074689,1.59297663538003
"d21 ant",1,"d21","ant",2,26,0.107883817427386,2.22670039546917
"d29 d30",1,"d29","d30",7,2,0.029045643153527,3.53888678443534
"d29 h1",2,"d29","h1",7,49,0.711618257261411,1.03336084744461
"d29 ant",1,"d29","ant",7,26,0.377593360995851,0.973937426973805
"d30 h1",1,"d30","h1",2,49,0.203319502074689,1.59297663538003
"d30 ant",1,"d30","ant",2,26,0.107883817427386,2.22670039546917
"c5 f12",1,"c5","f12",18,22,0.821576763485477,0.19652990279612
"c5 f13",1,"c5","f13",18,9,0.336099585062241,1.09034777881822
"c5 f14",1,"c5","f14",18,16,0.597510373443983,0.514983633914654
"c5 f15",1,"c5","f15",18,4,0.149377593360996,1.90127799503455
"f12 f15",1,"f12","f15",22,4,0.182572614107884,1.70060729957239
"f13 f14",1,"f13","f14",9,16,0.298755186721992,1.2081308144746
"f13 f15",2,"f13","f15",9,4,0.0746887966804979,3.28757235615444
"a1 b5",2,"a1","b5",136,3,0.846473029045643,0.859824120206384
"a1 d15",3,"a1","d15",136,11,3.10373443983402,-0.0339937558157125
"a1 zoo",4,"a1","zoo",136,21,5.9253112033195,-0.392938848288984
"b1 b5",1,"b1","b5",13,3,0.0809128630705394,2.51438246792095
"b1 d15",1,"b1","d15",13,11,0.296680497925311,1.21509948379069
"b1 g7",1,"b1","g7",13,3,0.0809128630705394,2.51438246792095
"b1 zoo",1,"b1","zoo",13,21,0.566390041493776,0.568472318865641
"b5 d15",1,"b5","d15",3,11,0.0684647302904564,2.68143655258412
"b5 g1",1,"b5","g1",3,97,0.603734439834025,0.504620846879108
"b5 g7",1,"b5","g7",3,3,0.0186721991701245,3.98071953671438
"b5 zoo",1,"b5","zoo",3,21,0.130705394190871,2.03480938765907
"d15 g7",2,"d15","g7",11,3,0.0684647302904564,3.37458373314407
"d15 zoo",2,"d15","zoo",11,21,0.479253112033195,1.42867358408875
"g1 zoo",5,"g1","zoo",97,21,4.22614107883817,0.168148610257895
"g7 zoo",1,"g7","zoo",3,21,0.130705394190871,2.03480938765907
"c12 ant",1,"c12","ant",9,26,0.485477178423237,0.722622998692899
"d26 f5",1,"d26","f5",1,36,0.0746887966804979,2.59442517559449
"d26 ant",1,"d26","ant",1,26,0.0539419087136929,2.91984757602912
"a1 h9",1,"a1","h9",136,1,0.282157676348548,1.26528922831455
"a1 h10",1,"a1","h10",136,1,0.282157676348548,1.26528922831455
"c1 h9",1,"c1","h9",125,1,0.259336099585062,1.3496303767483
"c1 h10",1,"c1","h10",125,1,0.259336099585062,1.3496303767483
"h9 h10",1,"h9","h10",1,1,0.0020746887966805,6.1779441140506
"a1 a22",1,"a1","a22",136,1,0.282157676348548,1.26528922831455
"a3 a22",1,"a3","a22",22,1,0.045643153526971,3.08690166069228
"a3 b6",1,"a3","b6",22,14,0.639004149377593,0.447844331077026
"a22 b6",1,"a22","b6",1,14,0.029045643153527,3.53888678443534
"a22 ant",1,"a22","ant",1,26,0.0539419087136929,2.91984757602912
"b6 ant",1,"b6","ant",14,26,0.755186721991701,0.280790246413859
"f13 h1",2,"f13","h1",9,49,0.9149377593361,0.7820464191637
"c1 i2",1,"c1","i2",125,2,0.518672199170125,0.656483196188354
"c1 i3",1,"c1","i3",125,2,0.518672199170125,0.656483196188354
"c1 i4",1,"c1","i4",125,1,0.259336099585062,1.3496303767483
"i2 i3",1,"i2","i3",2,2,0.00829875518672199,4.79164975293071
"i2 i4",1,"i2","i4",2,1,0.004149377593361,5.48479693349065
"i3 i4",1,"i3","i4",2,1,0.004149377593361,5.48479693349065
"i5 i9",2,"i5","i9",6,2,0.024896265560166,4.38618464482255
"i5 i18",1,"i5","i18",6,1,0.012448132780083,4.38618464482255
"i9 i18",1,"i9","i18",2,1,0.004149377593361,5.48479693349065
"i3 i20",1,"i3","i20",2,2,0.00829875518672199,4.79164975293071
"c1 f57",1,"c1","f57",125,1,0.259336099585062,1.3496303767483
"f55 f57",1,"f55","f57",3,1,0.00622406639004149,5.07933182538249
"f55 g2",1,"f55","g2",3,23,0.143153526970954,1.94383760945334
"f57 g2",1,"f57","g2",1,23,0.0477178423236514,3.04244989812145
"c5 g2",1,"c5","g2",18,23,0.858921161825726,0.152078140225286
"c5 d7",3,"c5","d7",18,3,0.112033195020747,3.28757235615444
"d7 g1",1,"d7","g1",3,97,0.603734439834025,0.504620846879108
"d10 f5",1,"d10","f5",2,36,0.149377593360996,1.90127799503455
"d10 f33",1,"d10","f33",2,1,0.004149377593361,5.48479693349065
"f5 f33",1,"f5","f33",36,1,0.0746887966804979,2.59442517559449
"b6 b10",2,"b6","b10",14,50,1.45228215767635,0.320010959567141
"b6 d17",1,"b6","d17",14,1,0.029045643153527,3.53888678443534
"b6 d18",1,"b6","d18",14,1,0.029045643153527,3.53888678443534
"b6 d25",1,"b6","d25",14,1,0.029045643153527,3.53888678443534
"b6 e17",1,"b6","e17",14,1,0.029045643153527,3.53888678443534
"b6 e18",1,"b6","e18",14,1,0.029045643153527,3.53888678443534
"b6 f38",1,"b6","f38",14,3,0.0871369294605809,2.44027449576723
"b6 h1",4,"b6","h1",14,49,1.42323651452282,1.03336084744461
"b10 d17",1,"b10","d17",50,1,0.103734439834025,2.26592110862245
"b10 d18",1,"b10","d18",50,1,0.103734439834025,2.26592110862245
"b10 d25",1,"b10","d25",50,1,0.103734439834025,2.26592110862245
"b10 e17",1,"b10","e17",50,1,0.103734439834025,2.26592110862245
"b10 e18",1,"b10","e18",50,1,0.103734439834025,2.26592110862245
"d17 d18",1,"d17","d18",1,1,0.0020746887966805,6.1779441140506
"d17 d25",1,"d17","d25",1,1,0.0020746887966805,6.1779441140506
"d17 e17",1,"d17","e17",1,1,0.0020746887966805,6.1779441140506
"d17 e18",1,"d17","e18",1,1,0.0020746887966805,6.1779441140506
"d17 f38",1,"d17","f38",1,3,0.00622406639004149,5.07933182538249
"d17 h1",1,"d17","h1",1,49,0.101659751037344,2.28612381593997
"d18 d25",1,"d18","d25",1,1,0.0020746887966805,6.1779441140506
"d18 e17",1,"d18","e17",1,1,0.0020746887966805,6.1779441140506
"d18 e18",1,"d18","e18",1,1,0.0020746887966805,6.1779441140506
"d18 f38",1,"d18","f38",1,3,0.00622406639004149,5.07933182538249
"d18 h1",1,"d18","h1",1,49,0.101659751037344,2.28612381593997
"d25 e17",1,"d25","e17",1,1,0.0020746887966805,6.1779441140506
"d25 e18",1,"d25","e18",1,1,0.0020746887966805,6.1779441140506
"d25 f38",1,"d25","f38",1,3,0.00622406639004149,5.07933182538249
"d25 h1",1,"d25","h1",1,49,0.101659751037344,2.28612381593997
"e17 e18",1,"e17","e18",1,1,0.0020746887966805,6.1779441140506
"e17 f38",1,"e17","f38",1,3,0.00622406639004149,5.07933182538249
"e17 h1",1,"e17","h1",1,49,0.101659751037344,2.28612381593997
"e18 f38",1,"e18","f38",1,3,0.00622406639004149,5.07933182538249
"e18 h1",1,"e18","h1",1,49,0.101659751037344,2.28612381593997
"f38 h1",1,"f38","h1",3,49,0.304979253112033,1.18751152727186
"b6 b9",1,"b6","b9",14,1,0.029045643153527,3.53888678443534
"b6 f12",1,"b6","f12",14,22,0.639004149377593,0.447844331077026
"b6 g30",1,"b6","g30",14,1,0.029045643153527,3.53888678443534
"b7 b9",1,"b7","b9",5,1,0.0103734439834025,4.5685062016165
"b7 e1",1,"b7","e1",5,17,0.176348547717842,1.73529285756028
"b7 f12",1,"b7","f12",5,22,0.228215767634855,1.47746374825818
"b7 g30",1,"b7","g30",5,1,0.0103734439834025,4.5685062016165
"b7 h1",2,"b7","h1",5,49,0.508298755186722,1.36983308406582
"b9 e1",1,"b9","e1",1,17,0.0352697095435685,3.34473076999438
"b9 f12",1,"b9","f12",1,22,0.045643153526971,3.08690166069228
"b9 g30",1,"b9","g30",1,1,0.0020746887966805,6.1779441140506
"b9 h1",1,"b9","h1",1,49,0.101659751037344,2.28612381593997
"e1 g30",1,"e1","g30",17,1,0.0352697095435685,3.34473076999438
"e1 h1",2,"e1","h1",17,49,1.72821576763485,0.146057652443703
"f12 g30",1,"f12","g30",22,1,0.045643153526971,3.08690166069228
"f12 h1",2,"f12","h1",22,49,2.23651452282158,-0.111771456858397
"g30 h1",1,"g30","h1",1,49,0.101659751037344,2.28612381593997
"d19 d29",1,"d19","d29",10,7,0.145228215767635,1.92944887200124
"a1 d28",1,"a1","d28",136,1,0.282157676348548,1.26528922831455
"a1 d33",4,"a1","d33",136,5,1.41078838174274,1.04214567700034
"a1 e2",1,"a1","e2",136,3,0.846473029045643,0.166676939646439
"a1 f47",1,"a1","f47",136,1,0.282157676348548,1.26528922831455
"d28 d33",1,"d28","d33",1,5,0.0103734439834025,4.5685062016165
"d28 e1",1,"d28","e1",1,17,0.0352697095435685,3.34473076999438
"d28 e2",1,"d28","e2",1,3,0.00622406639004149,5.07933182538249
"d28 f47",1,"d28","f47",1,1,0.0020746887966805,6.1779441140506
"d28 g1",1,"d28","g1",1,97,0.201244813278008,1.60323313554722
"d28 h1",1,"d28","h1",1,49,0.101659751037344,2.28612381593997
"d33 e1",1,"d33","e1",5,17,0.176348547717842,1.73529285756028
"d33 e2",1,"d33","e2",5,3,0.0311203319502075,3.46989391294839
"d33 f47",1,"d33","f47",5,1,0.0103734439834025,4.5685062016165
"d33 g1",1,"d33","g1",5,97,1.00622406639004,-0.00620477688688287
"d33 h1",3,"d33","h1",5,49,0.508298755186722,1.77529819217398
"e1 e2",2,"e1","e2",17,3,0.105809128630705,2.93926566188622
"e1 f47",1,"e1","f47",17,1,0.0352697095435685,3.34473076999438
"e2 f47",1,"e2","f47",3,1,0.00622406639004149,5.07933182538249
"e2 g1",1,"e2","g1",3,97,0.603734439834025,0.504620846879108
"e2 h1",1,"e2","h1",3,49,0.304979253112033,1.18751152727186
"f47 g1",1,"f47","g1",1,97,0.201244813278008,1.60323313554722
"f47 h1",1,"f47","h1",1,49,0.101659751037344,2.28612381593997
"a5 c1",3,"a5","c1",19,125,4.92738589211618,-0.496196313750032
"a5 d29",1,"a5","d29",19,7,0.275933609958506,1.28759498582885
"a5 d33",1,"a5","d33",19,5,0.197095435684647,1.62406722245006
"c1 d29",1,"c1","d29",125,7,1.81535269709544,-0.596279772307014
"c1 d33",1,"c1","d33",125,5,1.29668049792531,-0.259807535685801
"d29 d33",1,"d29","d33",7,5,0.0726141078838174,2.62259605256119
"a1 c12",1,"a1","c12",136,9,2.53941908713693,-0.931935349021671
"a1 d3",3,"a1","d3",136,8,2.25726141078838,0.284459975302822
"a1 g2",4,"a1","g2",136,23,6.4896265560166,-0.483910626494711
"c12 d3",1,"c12","d3",9,8,0.149377593360996,1.90127799503455
"c12 g2",1,"c12","g2",9,23,0.429460580912863,0.845225320785231
"d3 g1",4,"d3","g1",8,97,1.60995850622407,0.910085954987272
"d3 g2",1,"d3","g2",8,23,0.381742738589212,0.963008356441615
"a3 b8",1,"a3","b8",22,6,0.273858921161826,1.29514219146423
"a3 f13",1,"a3","f13",22,9,0.410788381742739,0.889677083356065
"b8 c1",2,"b8","c1",6,125,1.55601659751037,0.251018088080189
"b8 f13",1,"b8","f13",6,9,0.112033195020747,2.18896006748633
"b8 g1",1,"b8","g1",6,97,1.20746887966805,-0.188526333680837
"b8 h1",2,"b8","h1",6,49,0.609958506224066,1.18751152727186
"c13 g2",2,"c13","g2",8,23,0.381742738589212,1.65615553700156
"a1 i1",2,"a1","i1",136,34,9.59336099585062,-1.56792411574167
"c1 i1",1,"c1","i1",125,34,8.81742738589212,-2.17673014786786
"b5 c1",2,"b5","c1",3,125,0.778008298755187,0.944165268640135
"b5 h1",1,"b5","h1",3,49,0.304979253112033,1.18751152727186
"a24 c4",1,"a24","c4",69,6,0.858921161825726,0.152078140225286
"a24 c5",1,"a24","c5",69,18,2.57676348547718,-0.946534148442824
"f5 g24",1,"f5","g24",36,1,0.0746887966804979,2.59442517559449
"c1 e3",1,"c1","e3",125,2,0.518672199170125,0.656483196188354
"e1 e3",1,"e1","e3",17,2,0.0705394190871369,2.65158358943444
"e3 g1",1,"e3","g1",2,97,0.402489626556017,0.910085954987272
"c7 c9",1,"c7","c9",3,3,0.0186721991701245,3.98071953671438
"b2 b13",3,"b2","b13",28,11,0.639004149377593,1.54645661974514
"b2 d15",2,"b2","d15",28,11,0.639004149377593,1.14099151163697
"b2 e5",2,"b2","e5",28,7,0.406639004149378,1.59297663538003
"b2 e12",1,"b2","e12",28,1,0.0580912863070539,2.8457396038754
"b2 f56",1,"b2","f56",28,1,0.0580912863070539,2.8457396038754
"b2 g1",7,"b2","g1",28,97,5.63485477178423,0.216938774427327
"b2 g2",2,"b2","g2",28,23,1.33609958506224,0.403392568506192
"b2 g9",1,"b2","g9",28,3,0.174273858921162,1.74712731520729
"b10 d15",2,"b10","d15",50,11,1.14107883817427,0.561173016384029
"b10 e12",1,"b10","e12",50,1,0.103734439834025,2.26592110862245
"b10 f56",1,"b10","f56",50,1,0.103734439834025,2.26592110862245
"b10 g2",1,"b10","g2",50,23,2.38589211618257,-0.869573107306695
"b10 g9",2,"b10","g9",50,3,0.311203319502075,1.86045600051429
"b13 d15",1,"b13","d15",11,11,0.25103734439834,1.38215356845386
"b13 e12",1,"b13","e12",11,1,0.0228215767634855,3.78004884125223
"b13 f56",1,"b13","f56",11,1,0.0228215767634855,3.78004884125223
"b13 g2",2,"b13","g2",11,23,0.524896265560166,1.33770180588303
"b13 g9",1,"b13","g9",11,3,0.0684647302904564,2.68143655258412
"b13 ant",2,"b13","ant",11,26,0.593360995850622,1.21509948379069
"d15 e5",1,"d15","e5",11,7,0.159751037344398,1.83413869219692
"d15 e12",1,"d15","e12",11,1,0.0228215767634855,3.78004884125223
"d15 f56",1,"d15","f56",11,1,0.0228215767634855,3.78004884125223
"d15 g2",3,"d15","g2",11,23,0.524896265560166,1.74316691399119
"d15 g9",1,"d15","g9",11,3,0.0684647302904564,2.68143655258412
"d15 ant",1,"d15","ant",11,26,0.593360995850622,0.521952303230748
"e5 e12",1,"e5","e12",7,1,0.0145228215767635,4.23203396499529
"e5 f56",1,"e5","f56",7,1,0.0145228215767635,4.23203396499529
"e5 g2",1,"e5","g2",7,23,0.33402489626556,1.09653974906614
"e5 g9",1,"e5","g9",7,3,0.0435684647302905,3.13342167632718
"e5 ant",2,"e5","ant",7,26,0.377593360995851,1.66708460753375
"e12 f56",1,"e12","f56",1,1,0.0020746887966805,6.1779441140506
"e12 g1",1,"e12","g1",1,97,0.201244813278008,1.60323313554722
"e12 g2",1,"e12","g2",1,23,0.0477178423236514,3.04244989812145
"e12 g9",1,"e12","g9",1,3,0.00622406639004149,5.07933182538249
"e12 ant",1,"e12","ant",1,26,0.0539419087136929,2.91984757602912
"f56 g1",1,"f56","g1",1,97,0.201244813278008,1.60323313554722
"f56 g2",1,"f56","g2",1,23,0.0477178423236514,3.04244989812145
"f56 g9",1,"f56","g9",1,3,0.00622406639004149,5.07933182538249
"f56 ant",1,"f56","ant",1,26,0.0539419087136929,2.91984757602912
"g1 g9",2,"g1","g9",97,3,0.603734439834025,1.19776802743905
"g2 g9",1,"g2","g9",23,3,0.143153526970954,1.94383760945334
"g2 ant",1,"g2","ant",23,26,1.24066390041494,-0.215646639900031
"g9 ant",1,"g9","ant",3,26,0.161825726141079,1.82123528736101
"d34 e2",1,"d34","e2",1,3,0.00622406639004149,5.07933182538249
"d34 f9",1,"d34","f9",1,1,0.0020746887966805,6.1779441140506
"d34 f16",1,"d34","f16",1,3,0.00622406639004149,5.07933182538249
"d34 ant",1,"d34","ant",1,26,0.0539419087136929,2.91984757602912
"e2 f9",1,"e2","f9",3,1,0.00622406639004149,5.07933182538249
"e2 f16",1,"e2","f16",3,3,0.0186721991701245,3.98071953671438
"e2 ant",1,"e2","ant",3,26,0.161825726141079,1.82123528736101
"f9 f16",1,"f9","f16",1,3,0.00622406639004149,5.07933182538249
"f9 ant",1,"f9","ant",1,26,0.0539419087136929,2.91984757602912
"f16 ant",1,"f16","ant",3,26,0.161825726141079,1.82123528736101
"a1 d12",1,"a1","d12",136,1,0.282157676348548,1.26528922831455
"d4 d12",1,"d4","d12",2,1,0.004149377593361,5.48479693349065
"d4 d33",1,"d4","d33",2,5,0.020746887966805,3.87535902105655
"d4 g2",1,"d4","g2",2,23,0.0954356846473029,2.34930271756151
"d12 d30",1,"d12","d30",1,2,0.004149377593361,5.48479693349065
"d12 d33",1,"d12","d33",1,5,0.0103734439834025,4.5685062016165
"d12 g2",1,"d12","g2",1,23,0.0477178423236514,3.04244989812145
"d30 d33",1,"d30","d33",2,5,0.020746887966805,3.87535902105655
"d30 g2",1,"d30","g2",2,23,0.0954356846473029,2.34930271756151
"d33 g2",1,"d33","g2",5,23,0.238589211618257,1.43301198568735
"a24 g20",1,"a24","g20",69,2,0.286307053941909,1.2506904288934
"e4 f5",2,"e4","f5",12,36,0.896265560165975,0.802665706366435
"e4 f8",1,"e4","f8",12,1,0.024896265560166,3.6930374642626
"e4 f41",1,"e4","f41",12,1,0.024896265560166,3.6930374642626
"e4 f42",1,"e4","f42",12,1,0.024896265560166,3.6930374642626
"e4 f43",1,"e4","f43",12,1,0.024896265560166,3.6930374642626
"e4 f51",1,"e4","f51",12,3,0.0746887966804979,2.59442517559449
"f5 f8",1,"f5","f8",36,1,0.0746887966804979,2.59442517559449
"f5 f41",1,"f5","f41",36,1,0.0746887966804979,2.59442517559449
"f5 f42",1,"f5","f42",36,1,0.0746887966804979,2.59442517559449
"f5 f43",1,"f5","f43",36,1,0.0746887966804979,2.59442517559449
"f5 f51",2,"f5","f51",36,3,0.224066390041494,2.18896006748633
"f8 f41",1,"f8","f41",1,1,0.0020746887966805,6.1779441140506
"f8 f42",1,"f8","f42",1,1,0.0020746887966805,6.1779441140506
"f8 f43",1,"f8","f43",1,1,0.0020746887966805,6.1779441140506
"f8 f51",1,"f8","f51",1,3,0.00622406639004149,5.07933182538249
"f41 f42",1,"f41","f42",1,1,0.0020746887966805,6.1779441140506
"f41 f43",1,"f41","f43",1,1,0.0020746887966805,6.1779441140506
"f41 f51",1,"f41","f51",1,3,0.00622406639004149,5.07933182538249
"f42 f43",1,"f42","f43",1,1,0.0020746887966805,6.1779441140506
"f42 f51",1,"f42","f51",1,3,0.00622406639004149,5.07933182538249
"f43 f51",1,"f43","f51",1,3,0.00622406639004149,5.07933182538249
"a6 f12",1,"a6","f12",1,22,0.045643153526971,3.08690166069228
"a6 f14",1,"a6","f14",1,16,0.033195020746888,3.40535539181082
"a1 b3",5,"a1","b3",136,16,4.51452282157676,0.102138418508868
"b2 b3",3,"b2","b3",28,16,0.929460580912863,1.17176317030372
"b2 b5",1,"b2","b5",28,3,0.174273858921162,1.74712731520729
"b2 b11",1,"b2","b11",28,3,0.174273858921162,1.74712731520729
"b2 c1",12,"b2","c1",28,125,7.26141078838174,0.502332516361095
"b3 b5",1,"b3","b5",16,3,0.0995850622406639,2.30674310314271
"b3 b11",1,"b3","b11",16,3,0.0995850622406639,2.30674310314271
"b3 c1",5,"b3","c1",16,125,4.149377593361,0.186479566942618
"b5 b11",1,"b5","b11",3,3,0.0186721991701245,3.98071953671438
"b11 c1",2,"b11","c1",3,125,0.778008298755187,0.944165268640135
"a5 f64",1,"a5","f64",19,1,0.0394190871369295,3.23350513488416
"i1 ant",3,"i1","ant",34,26,1.83402489626556,0.492099340081067
"d23 f49",1,"d23","f49",2,2,0.00829875518672199,4.79164975293071
"a1 b13",4,"a1","b13",136,11,3.10373443983402,0.253688316636068
"e1 f17",1,"e1","f17",17,1,0.0352697095435685,3.34473076999438
"e1 f58",1,"e1","f58",17,1,0.0352697095435685,3.34473076999438
"e1 f59",1,"e1","f59",17,1,0.0352697095435685,3.34473076999438
"e2 f17",1,"e2","f17",3,1,0.00622406639004149,5.07933182538249
"e2 f58",1,"e2","f58",3,1,0.00622406639004149,5.07933182538249
"e2 f59",1,"e2","f59",3,1,0.00622406639004149,5.07933182538249
"f17 f58",1,"f17","f58",1,1,0.0020746887966805,6.1779441140506
"f17 f59",1,"f17","f59",1,1,0.0020746887966805,6.1779441140506
"f58 f59",1,"f58","f59",1,1,0.0020746887966805,6.1779441140506
"f14 g11",1,"f14","g11",16,2,0.0663900414937759,2.71220821125087
"g11 h1",2,"g11","h1",2,49,0.203319502074689,2.28612381593997
"a1 e4",2,"a1","e4",136,12,3.38589211618257,-0.526470240913506
"a1 e5",2,"a1","e5",136,7,1.97510373443983,0.0125262598191803
"a5 d3",2,"a5","d3",19,8,0.315352697095436,1.84721077376427
"a5 e1",2,"a5","e1",19,17,0.670124481327801,1.09343897138789
"a5 e4",3,"a5","e4",19,12,0.473029045643154,1.84721077376427
"a5 e5",1,"a5","e5",19,7,0.275933609958506,1.28759498582885
"a5 f12",2,"a5","f12",19,22,0.867219917012448,0.835609862085789
"a5 g1",2,"a5","g1",19,97,3.82365145228216,-0.648058663059278
"a5 zoo",1,"a5","zoo",19,21,0.827800829875519,0.188982697160737
"d3 e1",2,"d3","e1",8,17,0.282157676348548,1.95843640887449
"d3 e4",1,"d3","e4",8,12,0.199170124481328,1.61359592258276
"d3 e5",2,"d3","e5",8,7,0.116182572614108,2.8457396038754
"d3 zoo",3,"d3","zoo",8,21,0.348547717842324,2.15259242331545
"e1 e4",2,"e1","e4",17,12,0.423236514522822,1.55297130076633
"e1 zoo",2,"e1","zoo",17,21,0.740663900414938,0.993355512830907
"e4 e5",3,"e4","e5",12,7,0.174273858921162,2.8457396038754
"e4 f12",1,"e4","f12",12,22,0.547717842323651,0.601995010904284
"e4 g1",2,"e4","g1",12,97,2.4149377593361,-0.188526333680837
"e4 zoo",2,"e4","zoo",12,21,0.522821576763485,1.34166220709912
"e5 zoo",1,"e5","zoo",7,21,0.304979253112033,1.18751152727186
"f12 zoo",2,"f12","zoo",22,21,0.95850622406639,0.735526403528807
"i5 i14",1,"i5","i14",6,1,0.012448132780083,4.38618464482255
"a1 e11",1,"a1","e11",136,2,0.564315352697095,0.572142047754603
"a1 g18",1,"a1","g18",136,1,0.282157676348548,1.26528922831455
"a24 d15",1,"a24","d15",69,11,1.5746887966805,-0.454057663345029
"a24 e11",1,"a24","e11",69,2,0.286307053941909,1.2506904288934
"a24 g18",1,"a24","g18",69,1,0.143153526970954,1.94383760945334
"a24 zoo",3,"a24","zoo",69,21,3.00622406639004,-0.0020725396019722
"c1 e11",1,"c1","e11",125,2,0.518672199170125,0.656483196188354
"c1 g18",1,"c1","g18",125,1,0.259336099585062,1.3496303767483
"d15 e11",1,"d15","e11",11,2,0.045643153526971,3.08690166069228
"d15 f14",1,"d15","f14",11,16,0.365145228215768,1.00746011901245
"d15 g18",1,"d15","g18",11,1,0.0228215767634855,3.78004884125223
"e11 f14",1,"e11","f14",2,16,0.0663900414937759,2.71220821125087
"e11 g1",1,"e11","g1",2,97,0.402489626556017,0.910085954987272
"e11 g18",1,"e11","g18",2,1,0.004149377593361,5.48479693349065
"e11 zoo",1,"e11","zoo",2,21,0.0871369294605809,2.44027449576723
"f14 g18",1,"f14","g18",16,1,0.033195020746888,3.40535539181082
"f14 zoo",1,"f14","zoo",16,21,0.697095435684647,0.360832954087396
"g1 g18",1,"g1","g18",97,1,0.201244813278008,1.60323313554722
"g18 zoo",1,"g18","zoo",1,21,0.0435684647302905,3.13342167632718
"c1 c7",2,"c1","c7",125,3,0.778008298755187,0.944165268640135
"c1 c14",3,"c1","c14",125,6,1.55601659751037,0.656483196188354
"c7 c12",2,"c7","c12",3,9,0.0560165975103734,3.57525442860622
"c7 c13",1,"c7","c13",3,8,0.0497925311203319,2.99989028370265
"c7 c14",2,"c7","c14",3,6,0.037344398340249,3.98071953671438
"c7 g1",1,"c7","g1",3,97,0.603734439834025,0.504620846879108
"c12 c14",2,"c12","c14",9,6,0.112033195020747,2.88210724804627
"c14 g1",2,"c14","g1",6,97,1.20746887966805,0.504620846879108
"e14 g10",1,"e14","g10",1,2,0.004149377593361,5.48479693349065
"a1 c10",2,"a1","c10",136,3,0.846473029045643,0.859824120206384
"a24 c10",2,"a24","c10",69,3,0.429460580912863,1.53837250134518
"b2 c10",1,"b2","c10",28,3,0.174273858921162,1.74712731520729
"c1 c10",2,"c1","c10",125,3,0.778008298755187,0.944165268640135
"c10 h1",1,"c10","h1",3,49,0.304979253112033,1.18751152727186
"i1 i6",1,"i1","i6",34,1,0.0705394190871369,2.65158358943444
"i1 i7",1,"i1","i7",34,2,0.141078838174274,1.95843640887449
"i1 i9",1,"i1","i9",34,2,0.141078838174274,1.95843640887449
"i1 i10",1,"i1","i10",34,1,0.0705394190871369,2.65158358943444
"i1 i16",1,"i1","i16",34,1,0.0705394190871369,2.65158358943444
"i5 i6",1,"i5","i6",6,1,0.012448132780083,4.38618464482255
"i5 i7",1,"i5","i7",6,2,0.024896265560166,3.6930374642626
"i5 i10",1,"i5","i10",6,1,0.012448132780083,4.38618464482255
"i5 i16",1,"i5","i16",6,1,0.012448132780083,4.38618464482255
"i6 i7",1,"i6","i7",1,2,0.004149377593361,5.48479693349065
"i6 i9",1,"i6","i9",1,2,0.004149377593361,5.48479693349065
"i6 i10",1,"i6","i10",1,1,0.0020746887966805,6.1779441140506
"i6 i13",1,"i6","i13",1,4,0.00829875518672199,4.79164975293071
"i6 i16",1,"i6","i16",1,1,0.0020746887966805,6.1779441140506
"i7 i9",1,"i7","i9",2,2,0.00829875518672199,4.79164975293071
"i7 i10",1,"i7","i10",2,1,0.004149377593361,5.48479693349065
"i7 i13",1,"i7","i13",2,4,0.016597510373444,4.09850257237076
"i7 i16",1,"i7","i16",2,1,0.004149377593361,5.48479693349065
"i9 i10",1,"i9","i10",2,1,0.004149377593361,5.48479693349065
"i9 i13",1,"i9","i13",2,4,0.016597510373444,4.09850257237076
"i9 i16",1,"i9","i16",2,1,0.004149377593361,5.48479693349065
"i10 i13",1,"i10","i13",1,4,0.00829875518672199,4.79164975293071
"i10 i16",1,"i10","i16",1,1,0.0020746887966805,6.1779441140506
"i13 i16",1,"i13","i16",4,1,0.00829875518672199,4.79164975293071
"d11 d15",1,"d11","d15",4,11,0.0912863070539419,2.39375448013234
"d11 d19",1,"d11","d19",4,10,0.0829875518672199,2.48906465993666
"d11 g2",1,"d11","g2",4,23,0.190871369294606,1.65615553700156
"d11 g13",1,"d11","g13",4,1,0.00829875518672199,4.79164975293071
"d11 g15",1,"d11","g15",4,1,0.00829875518672199,4.79164975293071
"d11 g16",1,"d11","g16",4,1,0.00829875518672199,4.79164975293071
"d11 g19",1,"d11","g19",4,1,0.00829875518672199,4.79164975293071
"d15 d19",1,"d15","d19",11,10,0.228215767634855,1.47746374825818
"d15 g13",1,"d15","g13",11,1,0.0228215767634855,3.78004884125223
"d15 g15",1,"d15","g15",11,1,0.0228215767634855,3.78004884125223
"d15 g16",1,"d15","g16",11,1,0.0228215767634855,3.78004884125223
"d15 g19",1,"d15","g19",11,1,0.0228215767634855,3.78004884125223
"d19 g2",1,"d19","g2",10,23,0.477178423236514,0.739864805127405
"d19 g13",1,"d19","g13",10,1,0.020746887966805,3.87535902105655
"d19 g15",1,"d19","g15",10,1,0.020746887966805,3.87535902105655
"d19 g16",1,"d19","g16",10,1,0.020746887966805,3.87535902105655
"d19 g19",1,"d19","g19",10,1,0.020746887966805,3.87535902105655
"g1 g13",1,"g1","g13",97,1,0.201244813278008,1.60323313554722
"g1 g15",1,"g1","g15",97,1,0.201244813278008,1.60323313554722
"g1 g16",1,"g1","g16",97,1,0.201244813278008,1.60323313554722
"g1 g19",1,"g1","g19",97,1,0.201244813278008,1.60323313554722
"g2 g13",1,"g2","g13",23,1,0.0477178423236514,3.04244989812145
"g2 g15",1,"g2","g15",23,1,0.0477178423236514,3.04244989812145
"g2 g16",1,"g2","g16",23,1,0.0477178423236514,3.04244989812145
"g2 g19",1,"g2","g19",23,1,0.0477178423236514,3.04244989812145
"g13 g15",1,"g13","g15",1,1,0.0020746887966805,6.1779441140506
"g13 g16",1,"g13","g16",1,1,0.0020746887966805,6.1779441140506
"g13 g19",1,"g13","g19",1,1,0.0020746887966805,6.1779441140506
"g15 g16",1,"g15","g16",1,1,0.0020746887966805,6.1779441140506
"g15 g19",1,"g15","g19",1,1,0.0020746887966805,6.1779441140506
"g16 g19",1,"g16","g19",1,1,0.0020746887966805,6.1779441140506
"b1 g28",1,"b1","g28",13,1,0.0269709543568465,3.61299475658906
"b1 g29",1,"b1","g29",13,1,0.0269709543568465,3.61299475658906
"c1 g28",1,"c1","g28",125,1,0.259336099585062,1.3496303767483
"c1 g29",1,"c1","g29",125,1,0.259336099585062,1.3496303767483
"g1 g28",1,"g1","g28",97,1,0.201244813278008,1.60323313554722
"g1 g29",1,"g1","g29",97,1,0.201244813278008,1.60323313554722
"g28 g29",1,"g28","g29",1,1,0.0020746887966805,6.1779441140506
"d16 d24",1,"d16","d24",1,1,0.0020746887966805,6.1779441140506
"d16 e1",1,"d16","e1",1,17,0.0352697095435685,3.34473076999438
"d16 e19",1,"d16","e19",1,3,0.00622406639004149,5.07933182538249
"d16 e21",1,"d16","e21",1,1,0.0020746887966805,6.1779441140506
"d16 f5",1,"d16","f5",1,36,0.0746887966804979,2.59442517559449
"d16 f12",1,"d16","f12",1,22,0.045643153526971,3.08690166069228
"d16 f39",1,"d16","f39",1,2,0.004149377593361,5.48479693349065
"d16 g17",1,"d16","g17",1,1,0.0020746887966805,6.1779441140506
"d16 g25",1,"d16","g25",1,1,0.0020746887966805,6.1779441140506
"d16 g26",1,"d16","g26",1,2,0.004149377593361,5.48479693349065
"d16 g27",1,"d16","g27",1,1,0.0020746887966805,6.1779441140506
"d16 zoo",1,"d16","zoo",1,21,0.0435684647302905,3.13342167632718
"d24 e1",1,"d24","e1",1,17,0.0352697095435685,3.34473076999438
"d24 e19",1,"d24","e19",1,3,0.00622406639004149,5.07933182538249
"d24 e21",1,"d24","e21",1,1,0.0020746887966805,6.1779441140506
"d24 f5",1,"d24","f5",1,36,0.0746887966804979,2.59442517559449
"d24 f12",1,"d24","f12",1,22,0.045643153526971,3.08690166069228
"d24 f39",1,"d24","f39",1,2,0.004149377593361,5.48479693349065
"d24 g17",1,"d24","g17",1,1,0.0020746887966805,6.1779441140506
"d24 g25",1,"d24","g25",1,1,0.0020746887966805,6.1779441140506
"d24 g26",1,"d24","g26",1,2,0.004149377593361,5.48479693349065
"d24 g27",1,"d24","g27",1,1,0.0020746887966805,6.1779441140506
"d24 zoo",1,"d24","zoo",1,21,0.0435684647302905,3.13342167632718
"e1 e19",1,"e1","e19",17,3,0.105809128630705,2.24611848132627
"e1 e21",1,"e1","e21",17,1,0.0352697095435685,3.34473076999438
"e1 f39",1,"e1","f39",17,2,0.0705394190871369,2.65158358943444
"e1 g17",1,"e1","g17",17,1,0.0352697095435685,3.34473076999438
"e1 g25",1,"e1","g25",17,1,0.0352697095435685,3.34473076999438
"e1 g26",1,"e1","g26",17,2,0.0705394190871369,2.65158358943444
"e1 g27",1,"e1","g27",17,1,0.0352697095435685,3.34473076999438
"e19 e21",1,"e19","e21",3,1,0.00622406639004149,5.07933182538249
"e19 f5",1,"e19","f5",3,36,0.224066390041494,1.49581288692638
"e19 f12",2,"e19","f12",3,22,0.136929460580913,2.68143655258412
"e19 f39",1,"e19","f39",3,2,0.012448132780083,4.38618464482255
"e19 g17",1,"e19","g17",3,1,0.00622406639004149,5.07933182538249
"e19 g25",1,"e19","g25",3,1,0.00622406639004149,5.07933182538249
"e19 g26",1,"e19","g26",3,2,0.012448132780083,4.38618464482255
"e19 g27",1,"e19","g27",3,1,0.00622406639004149,5.07933182538249
"e19 zoo",1,"e19","zoo",3,21,0.130705394190871,2.03480938765907
"e21 f5",1,"e21","f5",1,36,0.0746887966804979,2.59442517559449
"e21 f12",1,"e21","f12",1,22,0.045643153526971,3.08690166069228
"e21 f39",1,"e21","f39",1,2,0.004149377593361,5.48479693349065
"e21 g17",1,"e21","g17",1,1,0.0020746887966805,6.1779441140506
"e21 g25",1,"e21","g25",1,1,0.0020746887966805,6.1779441140506
"e21 g26",1,"e21","g26",1,2,0.004149377593361,5.48479693349065
"e21 g27",1,"e21","g27",1,1,0.0020746887966805,6.1779441140506
"e21 zoo",1,"e21","zoo",1,21,0.0435684647302905,3.13342167632718
"f5 f39",1,"f5","f39",36,2,0.149377593360996,1.90127799503455
"f5 g17",1,"f5","g17",36,1,0.0746887966804979,2.59442517559449
"f5 g25",1,"f5","g25",36,1,0.0746887966804979,2.59442517559449
"f5 g26",1,"f5","g26",36,2,0.149377593360996,1.90127799503455
"f5 g27",1,"f5","g27",36,1,0.0746887966804979,2.59442517559449
"f5 zoo",2,"f5","zoo",36,21,1.56846473029046,0.243049918431013
"f12 f39",1,"f12","f39",22,2,0.0912863070539419,2.39375448013234
"f12 g17",1,"f12","g17",22,1,0.045643153526971,3.08690166069228
"f12 g25",1,"f12","g25",22,1,0.045643153526971,3.08690166069228
"f12 g26",1,"f12","g26",22,2,0.0912863070539419,2.39375448013234
"f12 g27",1,"f12","g27",22,1,0.045643153526971,3.08690166069228
"f39 g17",1,"f39","g17",2,1,0.004149377593361,5.48479693349065
"f39 g25",1,"f39","g25",2,1,0.004149377593361,5.48479693349065
"f39 g26",1,"f39","g26",2,2,0.00829875518672199,4.79164975293071
"f39 g27",1,"f39","g27",2,1,0.004149377593361,5.48479693349065
"f39 zoo",1,"f39","zoo",2,21,0.0871369294605809,2.44027449576723
"g17 g25",1,"g17","g25",1,1,0.0020746887966805,6.1779441140506
"g17 g26",1,"g17","g26",1,2,0.004149377593361,5.48479693349065
"g17 g27",1,"g17","g27",1,1,0.0020746887966805,6.1779441140506
"g17 zoo",1,"g17","zoo",1,21,0.0435684647302905,3.13342167632718
"g25 g26",1,"g25","g26",1,2,0.004149377593361,5.48479693349065
"g25 g27",1,"g25","g27",1,1,0.0020746887966805,6.1779441140506
"g25 zoo",1,"g25","zoo",1,21,0.0435684647302905,3.13342167632718
"g26 g27",1,"g26","g27",2,1,0.004149377593361,5.48479693349065
"g26 zoo",1,"g26","zoo",2,21,0.0871369294605809,2.44027449576723
"g27 zoo",1,"g27","zoo",1,21,0.0435684647302905,3.13342167632718
"b8 i1",1,"b8","i1",6,34,0.423236514522822,0.859824120206384
"h1 i1",1,"h1","i1",49,34,3.45643153526971,-1.24023670867619
"a5 b8",1,"a5","b8",19,6,0.236514522821577,1.4417456656561
"a1 d32",1,"a1","d32",136,1,0.282157676348548,1.26528922831455
"a1 f48",1,"a1","f48",136,2,0.564315352697095,0.572142047754603
"a1 g3",1,"a1","g3",136,1,0.282157676348548,1.26528922831455
"a1 g8",1,"a1","g8",136,1,0.282157676348548,1.26528922831455
"c1 d32",1,"c1","d32",125,1,0.259336099585062,1.3496303767483
"c1 f48",1,"c1","f48",125,2,0.518672199170125,0.656483196188354
"c1 g3",1,"c1","g3",125,1,0.259336099585062,1.3496303767483
"c1 g8",1,"c1","g8",125,1,0.259336099585062,1.3496303767483
"d15 d32",1,"d15","d32",11,1,0.0228215767634855,3.78004884125223
"d15 f13",1,"d15","f13",11,9,0.205394190871369,1.58282426391601
"d15 f48",1,"d15","f48",11,2,0.045643153526971,3.08690166069228
"d15 g3",1,"d15","g3",11,1,0.0228215767634855,3.78004884125223
"d15 g8",1,"d15","g8",11,1,0.0228215767634855,3.78004884125223
"d32 f13",1,"d32","f13",1,9,0.0186721991701245,3.98071953671438
"d32 f48",1,"d32","f48",1,2,0.004149377593361,5.48479693349065
"d32 g1",1,"d32","g1",1,97,0.201244813278008,1.60323313554722
"d32 g3",1,"d32","g3",1,1,0.0020746887966805,6.1779441140506
"d32 g7",1,"d32","g7",1,3,0.00622406639004149,5.07933182538249
"d32 g8",1,"d32","g8",1,1,0.0020746887966805,6.1779441140506
"f13 f48",1,"f13","f48",9,2,0.037344398340249,3.28757235615444
"f13 g3",1,"f13","g3",9,1,0.0186721991701245,3.98071953671438
"f13 g7",1,"f13","g7",9,3,0.0560165975103734,2.88210724804627
"f13 g8",1,"f13","g8",9,1,0.0186721991701245,3.98071953671438
"f48 g1",1,"f48","g1",2,97,0.402489626556017,0.910085954987272
"f48 g3",1,"f48","g3",2,1,0.004149377593361,5.48479693349065
"f48 g7",1,"f48","g7",2,3,0.012448132780083,4.38618464482255
"f48 g8",1,"f48","g8",2,1,0.004149377593361,5.48479693349065
"g1 g3",1,"g1","g3",97,1,0.201244813278008,1.60323313554722
"g1 g8",1,"g1","g8",97,1,0.201244813278008,1.60323313554722
"g3 g7",1,"g3","g7",1,3,0.00622406639004149,5.07933182538249
"g3 g8",1,"g3","g8",1,1,0.0020746887966805,6.1779441140506
"g7 g8",1,"g7","g8",3,1,0.00622406639004149,5.07933182538249
"b11 d3",1,"b11","d3",3,8,0.0497925311203319,2.99989028370265
"b11 f5",1,"b11","f5",3,36,0.224066390041494,1.49581288692638
"b11 f51",1,"b11","f51",3,3,0.0186721991701245,3.98071953671438
"b11 f52",1,"b11","f52",3,2,0.012448132780083,4.38618464482255
"b11 g1",1,"b11","g1",3,97,0.603734439834025,0.504620846879108
"b11 zoo",1,"b11","zoo",3,21,0.130705394190871,2.03480938765907
"c1 f51",1,"c1","f51",125,3,0.778008298755187,0.251018088080189
"d3 f51",1,"d3","f51",8,3,0.0497925311203319,2.99989028370265
"d3 f52",1,"d3","f52",8,2,0.033195020746888,3.40535539181082
"f5 f52",1,"f5","f52",36,2,0.149377593360996,1.90127799503455
"f51 f52",1,"f51","f52",3,2,0.012448132780083,4.38618464482255
"f51 zoo",1,"f51","zoo",3,21,0.130705394190871,2.03480938765907
"f52 zoo",1,"f52","zoo",2,21,0.0871369294605809,2.44027449576723
"a3 a10",1,"a3","a10",22,1,0.045643153526971,3.08690166069228
"d31 d33",1,"d31","d33",1,5,0.0103734439834025,4.5685062016165
"c1 d7",1,"c1","d7",125,3,0.778008298755187,0.251018088080189
"c1 e4",3,"c1","e4",125,12,3.11203319502075,-0.0366639843715915
"c1 e15",1,"c1","e15",125,1,0.259336099585062,1.3496303767483
"c1 f34",1,"c1","f34",125,1,0.259336099585062,1.3496303767483
"c4 d7",1,"c4","d7",6,3,0.037344398340249,3.28757235615444
"c4 e4",1,"c4","e4",6,12,0.149377593360996,1.90127799503455
"c4 e15",1,"c4","e15",6,1,0.012448132780083,4.38618464482255
"c4 f34",1,"c4","f34",6,1,0.012448132780083,4.38618464482255
"c5 e4",1,"c5","e4",18,12,0.448132780082988,0.802665706366435
"c5 e15",1,"c5","e15",18,1,0.037344398340249,3.28757235615444
"c5 f34",1,"c5","f34",18,1,0.037344398340249,3.28757235615444
"c12 d7",1,"c12","d7",9,3,0.0560165975103734,2.88210724804627
"c12 e4",1,"c12","e4",9,12,0.224066390041494,1.49581288692638
"c12 e15",1,"c12","e15",9,1,0.0186721991701245,3.98071953671438
"c12 f34",1,"c12","f34",9,1,0.0186721991701245,3.98071953671438
"c13 d7",1,"c13","d7",8,3,0.0497925311203319,2.99989028370265
"c13 e4",1,"c13","e4",8,12,0.199170124481328,1.61359592258276
"c13 e15",1,"c13","e15",8,1,0.016597510373444,4.09850257237076
"c13 f34",1,"c13","f34",8,1,0.016597510373444,4.09850257237076
"d7 e4",1,"d7","e4",3,12,0.0746887966804979,2.59442517559449
"d7 e15",1,"d7","e15",3,1,0.00622406639004149,5.07933182538249
"d7 f34",1,"d7","f34",3,1,0.00622406639004149,5.07933182538249
"e4 e15",1,"e4","e15",12,1,0.024896265560166,3.6930374642626
"e4 f34",1,"e4","f34",12,1,0.024896265560166,3.6930374642626
"e15 f34",1,"e15","f34",1,1,0.0020746887966805,6.1779441140506
"b6 f6",1,"b6","f6",14,1,0.029045643153527,3.53888678443534
"b6 f16",1,"b6","f16",14,3,0.0871369294605809,2.44027449576723
"b6 f48",1,"b6","f48",14,2,0.0580912863070539,2.8457396038754
"f5 f6",1,"f5","f6",36,1,0.0746887966804979,2.59442517559449
"f5 f48",1,"f5","f48",36,2,0.149377593360996,1.90127799503455
"f6 f16",1,"f6","f16",1,3,0.00622406639004149,5.07933182538249
"f6 f48",1,"f6","f48",1,2,0.004149377593361,5.48479693349065
"f16 f48",1,"f16","f48",3,2,0.012448132780083,4.38618464482255
"a25 b6",1,"a25","b6",2,14,0.0580912863070539,2.8457396038754
"f27 g1",1,"f27","g1",2,97,0.402489626556017,0.910085954987272
"f27 h1",1,"f27","h1",2,49,0.203319502074689,1.59297663538003
"a1 relief",1,"a1","relief",136,6,1.69294605809129,-0.526470240913506
"c13 d15",1,"c13","d15",8,11,0.182572614107884,1.70060729957239
"a5 c7",1,"a5","c7",19,3,0.118257261410788,2.13489284621605
"a5 c12",1,"a5","c12",19,9,0.354771784232365,1.03628055754794
"a5 c14",1,"a5","c14",19,6,0.236514522821577,1.4417456656561
"a5 d13",1,"a5","d13",19,1,0.0394190871369295,3.23350513488416
"a5 f54",2,"a5","f54",19,2,0.0788381742738589,3.23350513488416
"c1 d13",1,"c1","d13",125,1,0.259336099585062,1.3496303767483
"c1 f54",1,"c1","f54",125,2,0.518672199170125,0.656483196188354
"c7 d13",1,"c7","d13",3,1,0.00622406639004149,5.07933182538249
"c7 f54",1,"c7","f54",3,2,0.012448132780083,4.38618464482255
"c12 d13",1,"c12","d13",9,1,0.0186721991701245,3.98071953671438
"c12 f54",1,"c12","f54",9,2,0.037344398340249,3.28757235615444
"c14 d13",1,"c14","d13",6,1,0.012448132780083,4.38618464482255
"c14 f54",1,"c14","f54",6,2,0.024896265560166,3.6930374642626
"d13 f54",1,"d13","f54",1,2,0.004149377593361,5.48479693349065
"c1 c2",1,"c1","c2",125,3,0.778008298755187,0.251018088080189
"c1 c3",1,"c1","c3",125,2,0.518672199170125,0.656483196188354
"c2 c3",1,"c2","c3",3,2,0.012448132780083,4.38618464482255
"c2 c4",1,"c2","c4",3,6,0.037344398340249,3.28757235615444
"c2 c5",1,"c2","c5",3,18,0.112033195020747,2.18896006748633
"c2 c6",1,"c2","c6",3,3,0.0186721991701245,3.98071953671438
"c2 c12",1,"c2","c12",3,9,0.0560165975103734,2.88210724804627
"c2 g1",1,"c2","g1",3,97,0.603734439834025,0.504620846879108
"c3 c4",1,"c3","c4",2,6,0.024896265560166,3.6930374642626
"c3 c5",1,"c3","c5",2,18,0.0746887966804979,2.59442517559449
"c3 c6",1,"c3","c6",2,3,0.012448132780083,4.38618464482255
"c3 c12",1,"c3","c12",2,9,0.037344398340249,3.28757235615444
"c3 g1",1,"c3","g1",2,97,0.402489626556017,0.910085954987272
"c4 c6",1,"c4","c6",6,3,0.037344398340249,3.28757235615444
"c6 c12",1,"c6","c12",3,9,0.0560165975103734,2.88210724804627
"a5 f14",2,"a5","f14",19,16,0.630705394190871,1.15406359320432
"a5 g9",2,"a5","g9",19,3,0.118257261410788,2.828040026776
"e1 g9",1,"e1","g9",17,3,0.105809128630705,2.24611848132627
"e4 f14",2,"e4","f14",12,16,0.398340248962656,1.61359592258276
"e4 g9",1,"e4","g9",12,3,0.0746887966804979,2.59442517559449
"f5 g9",1,"f5","g9",36,3,0.224066390041494,1.49581288692638
"f14 g9",1,"f14","g9",16,3,0.0995850622406639,2.30674310314271
"b6 e11",1,"b6","e11",14,2,0.0580912863070539,2.8457396038754
"b6 f3",1,"b6","f3",14,4,0.116182572614108,2.15259242331545
"e11 f3",1,"e11","f3",2,4,0.016597510373444,4.09850257237076
"c8 c14",1,"c8","c14",3,6,0.037344398340249,3.28757235615444
"c8 d3",1,"c8","d3",3,8,0.0497925311203319,2.99989028370265
"c8 zoo",1,"c8","zoo",3,21,0.130705394190871,2.03480938765907
"c14 d3",1,"c14","d3",6,8,0.0995850622406639,2.30674310314271
"c14 zoo",1,"c14","zoo",6,21,0.261410788381743,1.34166220709912
"e13 g26",1,"e13","g26",2,2,0.00829875518672199,4.79164975293071
"i1 i12",1,"i1","i12",34,1,0.0705394190871369,2.65158358943444
"i5 i12",1,"i5","i12",6,1,0.012448132780083,4.38618464482255
"i12 i13",1,"i12","i13",1,4,0.00829875518672199,4.79164975293071
"i12 ant",1,"i12","ant",1,26,0.0539419087136929,2.91984757602912
"b2 g10",1,"b2","g10",28,2,0.116182572614108,2.15259242331545
"b10 d29",1,"b10","d29",50,7,0.726141078838174,0.320010959567141
"b10 g10",1,"b10","g10",50,2,0.20746887966805,1.57277392806251
"d15 d29",1,"d15","d29",11,7,0.159751037344398,1.83413869219692
"d15 f5",1,"d15","f5",11,36,0.821576763485477,0.19652990279612
"d15 g10",1,"d15","g10",11,2,0.045643153526971,3.08690166069228
"d29 f5",1,"d29","f5",7,36,0.522821576763486,0.648515026539177
"d29 g1",1,"d29","g1",7,97,1.40871369294606,-0.342677013508096
"d29 g10",1,"d29","g10",7,2,0.029045643153527,3.53888678443534
"f5 g10",1,"f5","g10",36,2,0.149377593360996,1.90127799503455
"g1 g10",1,"g1","g10",97,2,0.402489626556017,0.910085954987272
"b2 e9",1,"b2","e9",28,1,0.0580912863070539,2.8457396038754
"b2 e16",1,"b2","e16",28,1,0.0580912863070539,2.8457396038754
"b2 e22",1,"b2","e22",28,1,0.0580912863070539,2.8457396038754
"b2 e23",1,"b2","e23",28,1,0.0580912863070539,2.8457396038754
"b2 e24",1,"b2","e24",28,2,0.116182572614108,2.15259242331545
"b2 f30",1,"b2","f30",28,1,0.0580912863070539,2.8457396038754
"c1 e9",1,"c1","e9",125,1,0.259336099585062,1.3496303767483
"c1 e16",1,"c1","e16",125,1,0.259336099585062,1.3496303767483
"c1 e22",1,"c1","e22",125,1,0.259336099585062,1.3496303767483
"c1 e23",1,"c1","e23",125,1,0.259336099585062,1.3496303767483
"c1 e24",1,"c1","e24",125,2,0.518672199170125,0.656483196188354
"c1 f30",1,"c1","f30",125,1,0.259336099585062,1.3496303767483
"e5 e9",1,"e5","e9",7,1,0.0145228215767635,4.23203396499529
"e5 e16",1,"e5","e16",7,1,0.0145228215767635,4.23203396499529
"e5 e22",1,"e5","e22",7,1,0.0145228215767635,4.23203396499529
"e5 e23",1,"e5","e23",7,1,0.0145228215767635,4.23203396499529
"e5 e24",1,"e5","e24",7,2,0.029045643153527,3.53888678443534
"e5 f30",1,"e5","f30",7,1,0.0145228215767635,4.23203396499529
"e9 e16",1,"e9","e16",1,1,0.0020746887966805,6.1779441140506
"e9 e22",1,"e9","e22",1,1,0.0020746887966805,6.1779441140506
"e9 e23",1,"e9","e23",1,1,0.0020746887966805,6.1779441140506
"e9 e24",1,"e9","e24",1,2,0.004149377593361,5.48479693349065
"e9 f30",1,"e9","f30",1,1,0.0020746887966805,6.1779441140506
"e16 e22",1,"e16","e22",1,1,0.0020746887966805,6.1779441140506
"e16 e23",1,"e16","e23",1,1,0.0020746887966805,6.1779441140506
"e16 e24",1,"e16","e24",1,2,0.004149377593361,5.48479693349065
"e16 f30",1,"e16","f30",1,1,0.0020746887966805,6.1779441140506
"e22 e23",1,"e22","e23",1,1,0.0020746887966805,6.1779441140506
"e22 e24",1,"e22","e24",1,2,0.004149377593361,5.48479693349065
"e22 f30",1,"e22","f30",1,1,0.0020746887966805,6.1779441140506
"e23 e24",1,"e23","e24",1,2,0.004149377593361,5.48479693349065
"e23 f30",1,"e23","f30",1,1,0.0020746887966805,6.1779441140506
"e24 f30",1,"e24","f30",2,1,0.004149377593361,5.48479693349065
"a1 d9",1,"a1","d9",136,1,0.282157676348548,1.26528922831455
"a1 f21",1,"a1","f21",136,1,0.282157676348548,1.26528922831455
"b10 d9",1,"b10","d9",50,1,0.103734439834025,2.26592110862245
"b10 f21",1,"b10","f21",50,1,0.103734439834025,2.26592110862245
"d9 f5",1,"d9","f5",1,36,0.0746887966804979,2.59442517559449
"d9 f14",1,"d9","f14",1,16,0.033195020746888,3.40535539181082
"d9 f21",1,"d9","f21",1,1,0.0020746887966805,6.1779441140506
"f5 f21",1,"f5","f21",36,1,0.0746887966804979,2.59442517559449
"f14 f21",1,"f14","f21",16,1,0.033195020746888,3.40535539181082
"a1 c14",1,"a1","c14",136,6,1.69294605809129,-0.526470240913506
"a1 g11",1,"a1","g11",136,2,0.564315352697095,0.572142047754603
"a1 g14",1,"a1","g14",136,1,0.282157676348548,1.26528922831455
"a3 b2",2,"a3","b2",22,28,1.27800829875519,0.447844331077026
"a3 b4",1,"a3","b4",22,8,0.365145228215768,1.00746011901245
"a3 c14",1,"a3","c14",22,6,0.273858921161826,1.29514219146423
"a3 g11",1,"a3","g11",22,2,0.0912863070539419,2.39375448013234
"a3 g14",1,"a3","g14",22,1,0.045643153526971,3.08690166069228
"a24 b4",1,"a24","b4",69,8,1.14522821576763,-0.135603932226495
"a24 c14",1,"a24","c14",69,6,0.858921161825726,0.152078140225286
"a24 f12",2,"a24","f12",69,22,3.149377593361,-0.454057663345029
"a24 g11",1,"a24","g11",69,2,0.286307053941909,1.2506904288934
"a24 g14",1,"a24","g14",69,1,0.143153526970954,1.94383760945334
"b2 b4",2,"b2","b4",28,8,0.464730290456432,1.45944524275551
"b2 c14",1,"b2","c14",28,6,0.348547717842324,1.05398013464734
"b2 f12",1,"b2","f12",28,22,1.27800829875519,-0.245302849482919
"b2 g11",1,"b2","g11",28,2,0.116182572614108,2.15259242331545
"b2 g14",1,"b2","g14",28,1,0.0580912863070539,2.8457396038754
"b4 c14",1,"b4","c14",8,6,0.0995850622406639,2.30674310314271
"b4 g11",1,"b4","g11",8,2,0.033195020746888,3.40535539181082
"b4 g14",1,"b4","g14",8,1,0.016597510373444,4.09850257237076
"c1 g11",1,"c1","g11",125,2,0.518672199170125,0.656483196188354
"c1 g14",1,"c1","g14",125,1,0.259336099585062,1.3496303767483
"c14 f5",1,"c14","f5",6,36,0.448132780082988,0.802665706366435
"c14 f12",1,"c14","f12",6,22,0.273858921161826,1.29514219146423
"c14 g11",1,"c14","g11",6,2,0.024896265560166,3.6930374642626
"c14 g14",1,"c14","g14",6,1,0.012448132780083,4.38618464482255
"c14 h1",1,"c14","h1",6,49,0.609958506224066,0.494364346711919
"f5 g11",1,"f5","g11",36,2,0.149377593360996,1.90127799503455
"f5 g14",1,"f5","g14",36,1,0.0746887966804979,2.59442517559449
"f12 g11",1,"f12","g11",22,2,0.0912863070539419,2.39375448013234
"f12 g14",1,"f12","g14",22,1,0.045643153526971,3.08690166069228
"g1 g11",1,"g1","g11",97,2,0.402489626556017,0.910085954987272
"g1 g14",1,"g1","g14",97,1,0.201244813278008,1.60323313554722
"g11 g14",1,"g11","g14",2,1,0.004149377593361,5.48479693349065
"g14 h1",1,"g14","h1",1,49,0.101659751037344,2.28612381593997
"a5 c6",1,"a5","c6",19,3,0.118257261410788,2.13489284621605
"a5 c9",1,"a5","c9",19,3,0.118257261410788,2.13489284621605
"a5 d22",1,"a5","d22",19,5,0.197095435684647,1.62406722245006
"a5 e8",1,"a5","e8",19,2,0.0788381742738589,2.54035795432421
"a5 e10",1,"a5","e10",19,1,0.0394190871369295,3.23350513488416
"a5 e26",1,"a5","e26",19,1,0.0394190871369295,3.23350513488416
"a5 f31",1,"a5","f31",19,1,0.0394190871369295,3.23350513488416
"a5 f32",1,"a5","f32",19,1,0.0394190871369295,3.23350513488416
"a5 f53",1,"a5","f53",19,2,0.0788381742738589,2.54035795432421
"b10 c6",1,"b10","c6",50,3,0.311203319502075,1.16730881995434
"b10 c9",1,"b10","c9",50,3,0.311203319502075,1.16730881995434
"b10 d3",2,"b10","d3",50,8,0.829875518672199,0.879626747502564
"b10 e10",1,"b10","e10",50,1,0.103734439834025,2.26592110862245
"b10 e26",1,"b10","e26",50,1,0.103734439834025,2.26592110862245
"b10 f31",1,"b10","f31",50,1,0.103734439834025,2.26592110862245
"b10 f32",1,"b10","f32",50,1,0.103734439834025,2.26592110862245
"b10 f53",1,"b10","f53",50,2,0.20746887966805,1.57277392806251
"b10 f54",1,"b10","f54",50,2,0.20746887966805,1.57277392806251
"c6 c9",1,"c6","c9",3,3,0.0186721991701245,3.98071953671438
"c6 d3",1,"c6","d3",3,8,0.0497925311203319,2.99989028370265
"c6 d22",1,"c6","d22",3,5,0.0311203319502075,3.46989391294839
"c6 e8",1,"c6","e8",3,2,0.012448132780083,4.38618464482255
"c6 e10",1,"c6","e10",3,1,0.00622406639004149,5.07933182538249
"c6 e26",1,"c6","e26",3,1,0.00622406639004149,5.07933182538249
"c6 f31",1,"c6","f31",3,1,0.00622406639004149,5.07933182538249
"c6 f32",1,"c6","f32",3,1,0.00622406639004149,5.07933182538249
"c6 f53",1,"c6","f53",3,2,0.012448132780083,4.38618464482255
"c6 f54",1,"c6","f54",3,2,0.012448132780083,4.38618464482255
"c6 g9",1,"c6","g9",3,3,0.0186721991701245,3.98071953671438
"c9 d3",1,"c9","d3",3,8,0.0497925311203319,2.99989028370265
"c9 e8",1,"c9","e8",3,2,0.012448132780083,4.38618464482255
"c9 e10",1,"c9","e10",3,1,0.00622406639004149,5.07933182538249
"c9 e26",1,"c9","e26",3,1,0.00622406639004149,5.07933182538249
"c9 f31",1,"c9","f31",3,1,0.00622406639004149,5.07933182538249
"c9 f32",1,"c9","f32",3,1,0.00622406639004149,5.07933182538249
"c9 f53",1,"c9","f53",3,2,0.012448132780083,4.38618464482255
"c9 f54",1,"c9","f54",3,2,0.012448132780083,4.38618464482255
"c9 g9",1,"c9","g9",3,3,0.0186721991701245,3.98071953671438
"d3 d22",1,"d3","d22",8,5,0.0829875518672199,2.48906465993666
"d3 e8",1,"d3","e8",8,2,0.033195020746888,3.40535539181082
"d3 e10",1,"d3","e10",8,1,0.016597510373444,4.09850257237076
"d3 e26",1,"d3","e26",8,1,0.016597510373444,4.09850257237076
"d3 f31",1,"d3","f31",8,1,0.016597510373444,4.09850257237076
"d3 f32",1,"d3","f32",8,1,0.016597510373444,4.09850257237076
"d3 f53",1,"d3","f53",8,2,0.033195020746888,3.40535539181082
"d3 f54",1,"d3","f54",8,2,0.033195020746888,3.40535539181082
"d3 g9",1,"d3","g9",8,3,0.0497925311203319,2.99989028370265
"d22 e8",1,"d22","e8",5,2,0.020746887966805,3.87535902105655
"d22 e10",1,"d22","e10",5,1,0.0103734439834025,4.5685062016165
"d22 e26",1,"d22","e26",5,1,0.0103734439834025,4.5685062016165
"d22 f31",1,"d22","f31",5,1,0.0103734439834025,4.5685062016165
"d22 f32",1,"d22","f32",5,1,0.0103734439834025,4.5685062016165
"d22 f53",1,"d22","f53",5,2,0.020746887966805,3.87535902105655
"d22 f54",1,"d22","f54",5,2,0.020746887966805,3.87535902105655
"d22 g9",1,"d22","g9",5,3,0.0311203319502075,3.46989391294839
"e8 e10",1,"e8","e10",2,1,0.004149377593361,5.48479693349065
"e8 e26",1,"e8","e26",2,1,0.004149377593361,5.48479693349065
"e8 f31",1,"e8","f31",2,1,0.004149377593361,5.48479693349065
"e8 f32",1,"e8","f32",2,1,0.004149377593361,5.48479693349065
"e8 f53",1,"e8","f53",2,2,0.00829875518672199,4.79164975293071
"e8 f54",1,"e8","f54",2,2,0.00829875518672199,4.79164975293071
"e8 g1",1,"e8","g1",2,97,0.402489626556017,0.910085954987272
"e8 g9",1,"e8","g9",2,3,0.012448132780083,4.38618464482255
"e10 e26",1,"e10","e26",1,1,0.0020746887966805,6.1779441140506
"e10 f31",1,"e10","f31",1,1,0.0020746887966805,6.1779441140506
"e10 f32",1,"e10","f32",1,1,0.0020746887966805,6.1779441140506
"e10 f53",1,"e10","f53",1,2,0.004149377593361,5.48479693349065
"e10 f54",1,"e10","f54",1,2,0.004149377593361,5.48479693349065
"e10 g1",1,"e10","g1",1,97,0.201244813278008,1.60323313554722
"e10 g9",1,"e10","g9",1,3,0.00622406639004149,5.07933182538249
"e26 f31",1,"e26","f31",1,1,0.0020746887966805,6.1779441140506
"e26 f32",1,"e26","f32",1,1,0.0020746887966805,6.1779441140506
"e26 f53",1,"e26","f53",1,2,0.004149377593361,5.48479693349065
"e26 f54",1,"e26","f54",1,2,0.004149377593361,5.48479693349065
"e26 g1",1,"e26","g1",1,97,0.201244813278008,1.60323313554722
"e26 g9",1,"e26","g9",1,3,0.00622406639004149,5.07933182538249
"f31 f32",1,"f31","f32",1,1,0.0020746887966805,6.1779441140506
"f31 f53",1,"f31","f53",1,2,0.004149377593361,5.48479693349065
"f31 f54",1,"f31","f54",1,2,0.004149377593361,5.48479693349065
"f31 g1",1,"f31","g1",1,97,0.201244813278008,1.60323313554722
"f31 g9",1,"f31","g9",1,3,0.00622406639004149,5.07933182538249
"f32 f53",1,"f32","f53",1,2,0.004149377593361,5.48479693349065
"f32 f54",1,"f32","f54",1,2,0.004149377593361,5.48479693349065
"f32 g1",1,"f32","g1",1,97,0.201244813278008,1.60323313554722
"f32 g9",1,"f32","g9",1,3,0.00622406639004149,5.07933182538249
"f53 f54",1,"f53","f54",2,2,0.00829875518672199,4.79164975293071
"f53 g1",1,"f53","g1",2,97,0.402489626556017,0.910085954987272
"f53 g9",1,"f53","g9",2,3,0.012448132780083,4.38618464482255
"f54 g1",1,"f54","g1",2,97,0.402489626556017,0.910085954987272
"f54 g9",1,"f54","g9",2,3,0.012448132780083,4.38618464482255
"b1 d5",1,"b1","d5",13,5,0.134854771784232,2.00355684415496
"b8 d5",1,"b8","d5",6,5,0.0622406639004149,2.77674673238845
"c1 d5",2,"c1","d5",125,5,1.29668049792531,0.433339644874144
"i2 i20",1,"i2","i20",2,2,0.00829875518672199,4.79164975293071
"a24 e13",1,"a24","e13",69,2,0.286307053941909,1.2506904288934
"a24 g5",1,"a24","g5",69,1,0.143153526970954,1.94383760945334
"b7 c1",1,"b7","c1",5,125,1.29668049792531,-0.259807535685801
"b7 e13",1,"b7","e13",5,2,0.020746887966805,3.87535902105655
"b7 g1",1,"b7","g1",5,97,1.00622406639004,-0.00620477688688287
"b7 g5",1,"b7","g5",5,1,0.0103734439834025,4.5685062016165
"b7 zoo",1,"b7","zoo",5,21,0.217842323651452,1.52398376389308
"c1 e13",1,"c1","e13",125,2,0.518672199170125,0.656483196188354
"c1 g5",1,"c1","g5",125,1,0.259336099585062,1.3496303767483
"e13 g1",1,"e13","g1",2,97,0.402489626556017,0.910085954987272
"e13 g5",1,"e13","g5",2,1,0.004149377593361,5.48479693349065
"e13 h1",1,"e13","h1",2,49,0.203319502074689,1.59297663538003
"e13 zoo",1,"e13","zoo",2,21,0.0871369294605809,2.44027449576723
"g1 g5",1,"g1","g5",97,1,0.201244813278008,1.60323313554722
"g5 h1",1,"g5","h1",1,49,0.101659751037344,2.28612381593997
"g5 zoo",1,"g5","zoo",1,21,0.0435684647302905,3.13342167632718
"a7 a24",1,"a7","a24",1,69,0.143153526970954,1.94383760945334
"a7 b10",1,"a7","b10",1,50,0.103734439834025,2.26592110862245
"c1 f22",1,"c1","f22",125,1,0.259336099585062,1.3496303767483
"f12 f22",1,"f12","f22",22,1,0.045643153526971,3.08690166069228
"e4 h1",1,"e4","h1",12,49,1.21991701244813,-0.198782833848027
"e4 h3",1,"e4","h3",12,1,0.024896265560166,3.6930374642626
"e4 h8",1,"e4","h8",12,1,0.024896265560166,3.6930374642626
"e5 h1",1,"e5","h1",7,49,0.711618257261411,0.34021366688466
"e5 h3",1,"e5","h3",7,1,0.0145228215767635,4.23203396499529
"e5 h8",1,"e5","h8",7,1,0.0145228215767635,4.23203396499529
"h1 h3",1,"h1","h3",49,1,0.101659751037344,2.28612381593997
"h1 h8",1,"h1","h8",49,1,0.101659751037344,2.28612381593997
"h3 h8",1,"h3","h8",1,1,0.0020746887966805,6.1779441140506
"a5 b13",2,"a5","b13",19,11,0.433609958506224,1.52875704264573
"c3 g2",1,"c3","g2",2,23,0.0954356846473029,2.34930271756151
"a1 e24",1,"a1","e24",136,2,0.564315352697095,0.572142047754603
"a1 f24",1,"a1","f24",136,1,0.282157676348548,1.26528922831455
"d5 e24",1,"d5","e24",5,2,0.020746887966805,3.87535902105655
"d5 f24",1,"d5","f24",5,1,0.0103734439834025,4.5685062016165
"d5 zoo",1,"d5","zoo",5,21,0.217842323651452,1.52398376389308
"e24 f24",1,"e24","f24",2,1,0.004149377593361,5.48479693349065
"e24 ant",1,"e24","ant",2,26,0.107883817427386,2.22670039546917
"e24 zoo",1,"e24","zoo",2,21,0.0871369294605809,2.44027449576723
"f24 ant",1,"f24","ant",1,26,0.0539419087136929,2.91984757602912
"f24 zoo",1,"f24","zoo",1,21,0.0435684647302905,3.13342167632718
"ant zoo",1,"ant","zoo",26,21,1.13278008298755,-0.124674861694305
"a24 e19",2,"a24","e19",69,3,0.429460580912863,1.53837250134518
"b2 e19",1,"b2","e19",28,3,0.174273858921162,1.74712731520729
"b10 e19",1,"b10","e19",50,3,0.311203319502075,1.16730881995434
"c1 e19",2,"c1","e19",125,3,0.778008298755187,0.944165268640135
"a24 f29",1,"a24","f29",69,1,0.143153526970954,1.94383760945334
"c1 f29",1,"c1","f29",125,1,0.259336099585062,1.3496303767483
"e19 f29",1,"e19","f29",3,1,0.00622406639004149,5.07933182538249
"e19 ant",1,"e19","ant",3,26,0.161825726141079,1.82123528736101
"f12 f29",1,"f12","f29",22,1,0.045643153526971,3.08690166069228
"f29 ant",1,"f29","ant",1,26,0.0539419087136929,2.91984757602912
"b14 f3",1,"b14","f3",3,4,0.024896265560166,3.6930374642626
"b14 f19",1,"b14","f19",3,1,0.00622406639004149,5.07933182538249
"f3 f19",1,"f3","f19",4,1,0.00829875518672199,4.79164975293071
"a16 b10",1,"a16","b10",1,50,0.103734439834025,2.26592110862245
"a14 a24",5,"a14","a24",6,69,0.858921161825726,1.76151605265939
"a14 zoo",1,"a14","zoo",6,21,0.261410788381743,1.34166220709912
"a8 a24",1,"a8","a24",1,69,0.143153526970954,1.94383760945334
"a8 a28",1,"a8","a28",1,3,0.00622406639004149,5.07933182538249
"a8 b3",1,"a8","b3",1,16,0.033195020746888,3.40535539181082
"a8 b10",1,"a8","b10",1,50,0.103734439834025,2.26592110862245
"a8 e4",1,"a8","e4",1,12,0.024896265560166,3.6930374642626
"a24 a28",2,"a24","a28",69,3,0.429460580912863,1.53837250134518
"a24 b3",4,"a24","b3",69,16,2.29045643153527,0.55754324833345
"a24 e4",3,"a24","e4",69,12,1.71784232365145,0.55754324833345
"a28 b3",1,"a28","b3",3,16,0.0995850622406639,2.30674310314271
"a28 b10",2,"a28","b10",3,50,0.311203319502075,1.86045600051429
"a28 e4",1,"a28","e4",3,12,0.0746887966804979,2.59442517559449
"b3 b10",3,"b3","b10",16,50,1.6597510373444,0.591944675050783
"b3 e4",2,"b3","e4",16,12,0.398340248962656,1.61359592258276
"b10 e4",2,"b10","e4",50,12,1.2448132780083,0.474161639394399
"b10 d8",1,"b10","d8",50,1,0.103734439834025,2.26592110862245
"b10 f3",2,"b10","f3",50,4,0.4149377593361,1.57277392806251
"b12 f3",1,"b12","f3",6,4,0.0497925311203319,2.99989028370265
"a1 f11",1,"a1","f11",136,1,0.282157676348548,1.26528922831455
"a3 d5",1,"a3","d5",22,5,0.228215767634855,1.47746374825818
"a3 f11",1,"a3","f11",22,1,0.045643153526971,3.08690166069228
"a24 f11",1,"a24","f11",69,1,0.143153526970954,1.94383760945334
"b10 d5",2,"b10","d5",50,5,0.518672199170124,1.3496303767483
"b10 f11",1,"b10","f11",50,1,0.103734439834025,2.26592110862245
"d5 f11",1,"d5","f11",5,1,0.0103734439834025,4.5685062016165
"f11 ant",1,"f11","ant",1,26,0.0539419087136929,2.91984757602912
"a1 a9",2,"a1","a9",136,2,0.564315352697095,1.26528922831455
"a1 b17",1,"a1","b17",136,1,0.282157676348548,1.26528922831455
"a1 b18",1,"a1","b18",136,2,0.564315352697095,0.572142047754603
"a1 d6",1,"a1","d6",136,3,0.846473029045643,0.166676939646439
"a9 a24",2,"a9","a24",2,69,0.286307053941909,1.94383760945334
"a9 b3",1,"a9","b3",2,16,0.0663900414937759,2.71220821125087
"a9 b12",1,"a9","b12",2,6,0.024896265560166,3.6930374642626
"a9 b13",1,"a9","b13",2,11,0.045643153526971,3.08690166069228
"a9 b17",1,"a9","b17",2,1,0.004149377593361,5.48479693349065
"a9 b18",1,"a9","b18",2,2,0.00829875518672199,4.79164975293071
"a9 d6",1,"a9","d6",2,3,0.012448132780083,4.38618464482255
"a9 e1",2,"a9","e1",2,17,0.0705394190871369,3.34473076999438
"a9 f5",1,"a9","f5",2,36,0.149377593360996,1.90127799503455
"a9 ant",2,"a9","ant",2,26,0.107883817427386,2.91984757602912
"a24 b13",3,"a24","b13",69,11,1.5746887966805,0.64455462532308
"a24 b17",1,"a24","b17",69,1,0.143153526970954,1.94383760945334
"a24 b18",1,"a24","b18",69,2,0.286307053941909,1.2506904288934
"a24 d6",2,"a24","d6",69,3,0.429460580912863,1.53837250134518
"a24 e1",4,"a24","e1",69,17,2.43360995850622,0.496918626517016
"b3 b12",1,"b3","b12",16,6,0.199170124481328,1.61359592258276
"b3 b13",2,"b3","b13",16,11,0.365145228215768,1.70060729957239
"b3 b17",1,"b3","b17",16,1,0.033195020746888,3.40535539181082
"b3 b18",1,"b3","b18",16,2,0.0663900414937759,2.71220821125087
"b3 d6",1,"b3","d6",16,3,0.0995850622406639,2.30674310314271
"b3 e1",1,"b3","e1",16,17,0.564315352697095,0.572142047754603
"b3 f5",2,"b3","f5",16,36,1.19502074688797,0.514983633914654
"b3 ant",2,"b3","ant",16,26,0.863070539419087,0.840406034349282
"b12 b13",1,"b12","b13",6,11,0.136929460580913,1.98828937202417
"b12 b17",1,"b12","b17",6,1,0.012448132780083,4.38618464482255
"b12 b18",1,"b12","b18",6,2,0.024896265560166,3.6930374642626
"b12 d6",1,"b12","d6",6,3,0.037344398340249,3.28757235615444
"b12 e1",1,"b12","e1",6,17,0.211618257261411,1.55297130076633
"b13 b17",1,"b13","b17",11,1,0.0228215767634855,3.78004884125223
"b13 b18",1,"b13","b18",11,2,0.045643153526971,3.08690166069228
"b13 d6",1,"b13","d6",11,3,0.0684647302904564,2.68143655258412
"b17 b18",1,"b17","b18",1,2,0.004149377593361,5.48479693349065
"b17 d6",1,"b17","d6",1,3,0.00622406639004149,5.07933182538249
"b17 e1",1,"b17","e1",1,17,0.0352697095435685,3.34473076999438
"b17 f5",1,"b17","f5",1,36,0.0746887966804979,2.59442517559449
"b17 ant",1,"b17","ant",1,26,0.0539419087136929,2.91984757602912
"b18 d6",1,"b18","d6",2,3,0.012448132780083,4.38618464482255
"b18 e1",1,"b18","e1",2,17,0.0705394190871369,2.65158358943444
"b18 f5",1,"b18","f5",2,36,0.149377593360996,1.90127799503455
"b18 ant",1,"b18","ant",2,26,0.107883817427386,2.22670039546917
"d6 e1",1,"d6","e1",3,17,0.105809128630705,2.24611848132627
"d6 f5",1,"d6","f5",3,36,0.224066390041494,1.49581288692638
"d6 ant",1,"d6","ant",3,26,0.161825726141079,1.82123528736101
"e1 ant",2,"e1","ant",17,26,0.91701244813278,0.779781412532848
"a24 a30",1,"a24","a30",69,1,0.143153526970954,1.94383760945334
"a30 d19",1,"a30","d19",1,10,0.020746887966805,3.87535902105655
"b2 b6",1,"b2","b6",28,14,0.813278008298755,0.206682274260138
"b6 c1",1,"b6","c1",14,125,3.63070539419087,-1.28942695286696
"b6 g1",1,"b6","g1",14,97,2.81742738589212,-1.03582419406804
"a5 b1",2,"a5","b1",19,13,0.512448132780083,1.36170295798257
"b1 f12",1,"b1","f12",13,22,0.593360995850622,0.521952303230748
"a1 c11",2,"a1","c11",136,2,0.564315352697095,1.26528922831455
"a3 c11",1,"a3","c11",22,2,0.0912863070539419,2.39375448013234
"b2 c11",1,"b2","c11",28,2,0.116182572614108,2.15259242331545
"b10 c11",2,"b10","c11",50,2,0.20746887966805,2.26592110862245
"c1 c11",2,"c1","c11",125,2,0.518672199170125,1.3496303767483
"c11 g1",1,"c11","g1",2,97,0.402489626556017,0.910085954987272
"a1 a28",2,"a1","a28",136,3,0.846473029045643,0.859824120206384
"a5 a28",1,"a5","a28",19,3,0.118257261410788,2.13489284621605
"a5 b2",2,"a5","b2",19,28,1.10373443983402,0.594447805268901
"a28 b2",1,"a28","b2",3,28,0.174273858921162,1.74712731520729
"a9 b10",1,"a9","b10",2,50,0.20746887966805,1.57277392806251
"a9 c1",1,"a9","c1",2,125,0.518672199170125,0.656483196188354
"a9 c10",1,"a9","c10",2,3,0.012448132780083,4.38618464482255
"a9 c11",1,"a9","c11",2,2,0.00829875518672199,4.79164975293071
"a9 d3",1,"a9","d3",2,8,0.033195020746888,3.40535539181082
"a9 d5",1,"a9","d5",2,5,0.020746887966805,3.87535902105655
"a9 e5",1,"a9","e5",2,7,0.029045643153527,3.53888678443534
"a9 f14",1,"a9","f14",2,16,0.0663900414937759,2.71220821125087
"a24 c11",1,"a24","c11",69,2,0.286307053941909,1.2506904288934
"a24 d3",1,"a24","d3",69,8,1.14522821576763,-0.135603932226495
"a24 e5",1,"a24","e5",69,7,1.00207468879668,-0.00207253960197242
"b10 c10",1,"b10","c10",50,3,0.311203319502075,1.16730881995434
"c10 c11",1,"c10","c11",3,2,0.012448132780083,4.38618464482255
"c10 d3",1,"c10","d3",3,8,0.0497925311203319,2.99989028370265
"c10 d5",1,"c10","d5",3,5,0.0311203319502075,3.46989391294839
"c10 e1",1,"c10","e1",3,17,0.105809128630705,2.24611848132627
"c10 e5",1,"c10","e5",3,7,0.0435684647302905,3.13342167632718
"c10 f14",1,"c10","f14",3,16,0.0995850622406639,2.30674310314271
"c10 ant",1,"c10","ant",3,26,0.161825726141079,1.82123528736101
"c11 d3",1,"c11","d3",2,8,0.033195020746888,3.40535539181082
"c11 d5",1,"c11","d5",2,5,0.020746887966805,3.87535902105655
"c11 e1",1,"c11","e1",2,17,0.0705394190871369,2.65158358943444
"c11 e5",1,"c11","e5",2,7,0.029045643153527,3.53888678443534
"c11 f14",1,"c11","f14",2,16,0.0663900414937759,2.71220821125087
"c11 ant",1,"c11","ant",2,26,0.107883817427386,2.22670039546917
"d3 d5",1,"d3","d5",8,5,0.0829875518672199,2.48906465993666
"d3 f14",1,"d3","f14",8,16,0.265560165975104,1.32591385013098
"d3 ant",1,"d3","ant",8,26,0.431535269709544,0.840406034349282
"d5 e1",1,"d5","e1",5,17,0.176348547717842,1.73529285756028
"d5 e5",1,"d5","e5",5,7,0.0726141078838174,2.62259605256119
"d5 f14",1,"d5","f14",5,16,0.16597510373444,1.79591747937672
"e5 f14",1,"e5","f14",7,16,0.232365145228216,1.45944524275551
"f14 ant",1,"f14","ant",16,26,0.863070539419087,0.147258853789337
"b10 b14",2,"b10","b14",50,3,0.311203319502075,1.86045600051429
"b3 g1",1,"b3","g1",16,97,3.21991701244813,-1.16935558669256
"a26 c1",1,"a26","c1",1,125,0.259336099585062,1.3496303767483
"a1 b14",1,"a1","b14",136,3,0.846473029045643,0.166676939646439
"b14 c1",1,"b14","c1",3,125,0.778008298755187,0.251018088080189
"b1 b2",1,"b1","b2",13,28,0.755186721991701,0.280790246413859
"b1 e1",1,"b1","e1",13,17,0.45850622406639,0.779781412532848
"b2 e1",2,"b2","e1",28,17,0.987551867219917,0.705673440379126
"a5 b6",1,"a5","b6",19,14,0.551867219917012,0.594447805268901
"a24 b6",1,"a24","b6",69,14,2.00414937759336,-0.695219720161918
"a1 a23",1,"a1","a23",136,1,0.282157676348548,1.26528922831455
"a5 e6",1,"a5","e6",19,1,0.0394190871369295,3.23350513488416
"a24 e6",1,"a24","e6",69,1,0.143153526970954,1.94383760945334
"e4 e6",1,"e4","e6",12,1,0.024896265560166,3.6930374642626
"e6 f14",1,"e6","f14",1,16,0.033195020746888,3.40535539181082
"b16 c2",1,"b16","c2",1,3,0.00622406639004149,5.07933182538249
"a1 a14",1,"a1","a14",136,6,1.69294605809129,-0.526470240913506
"a14 b1",2,"a14","b1",6,13,0.161825726141079,2.51438246792095
"b2 b18",1,"b2","b18",28,2,0.116182572614108,2.15259242331545
"c1 d6",2,"c1","d6",125,3,0.778008298755187,0.944165268640135
"d6 g1",1,"d6","g1",3,97,0.603734439834025,0.504620846879108
"c1 f36",1,"c1","f36",125,1,0.259336099585062,1.3496303767483
"a2 a24",1,"a2","a24",2,69,0.286307053941909,1.2506904288934
"a1 b15",1,"a1","b15",136,1,0.282157676348548,1.26528922831455
"a3 b15",1,"a3","b15",22,1,0.045643153526971,3.08690166069228
"a3 e4",1,"a3","e4",22,12,0.547717842323651,0.601995010904284
"b15 e4",1,"b15","e4",1,12,0.024896265560166,3.6930374642626
"a24 i1",1,"a24","i1",69,34,4.86721991701245,-1.58252291516282
"b3 i1",1,"b3","i1",16,34,1.12863070539419,-0.121005132805342
"e4 ant",1,"e4","ant",12,26,0.647302904564315,0.434940926241118
"b1 b13",1,"b1","b13",13,11,0.296680497925311,1.21509948379069
"b13 b19",1,"b13","b19",11,1,0.0228215767634855,3.78004884125223
"b2 d19",1,"b2","d19",28,10,0.580912863070539,0.543154510881351
"b3 d19",1,"b3","d19",16,10,0.33195020746888,1.10277029881677
"b10 d19",1,"b10","d19",50,10,1.03734439834025,-0.0366639843715914
"b10 i1",1,"b10","i1",50,34,3.52697095435685,-1.26043941599371
"a3 b1",1,"a3","b1",22,13,0.593360995850622,0.521952303230748
"a1 a2",1,"a1","a2",136,2,0.564315352697095,0.572142047754603
"a2 a5",1,"a2","a5",2,19,0.0788381742738589,2.54035795432421
"a2 h1",1,"a2","h1",2,49,0.203319502074689,1.59297663538003
"b2 e4",1,"b2","e4",28,12,0.697095435684647,0.360832954087396
"b2 f1",1,"b2","f1",28,1,0.0580912863070539,2.8457396038754
"b2 zoo",1,"b2","zoo",28,21,1.21991701244813,-0.198782833848027
"c1 f1",1,"c1","f1",125,1,0.259336099585062,1.3496303767483
"e4 f1",1,"e4","f1",12,1,0.024896265560166,3.6930374642626
"f1 zoo",1,"f1","zoo",1,21,0.0435684647302905,3.13342167632718
"c1 f35",1,"c1","f35",125,4,1.03734439834025,-0.0366639843715915
"d6 f14",1,"d6","f14",3,16,0.0995850622406639,2.30674310314271
"d6 f35",1,"d6","f35",3,4,0.024896265560166,3.6930374642626
"b3 c10",1,"b3","c10",16,3,0.0995850622406639,2.30674310314271
"a1 d2",1,"a1","d2",136,1,0.282157676348548,1.26528922831455
"a28 d2",1,"a28","d2",3,1,0.00622406639004149,5.07933182538249
"b2 f3",1,"b2","f3",28,4,0.232365145228216,1.45944524275551
"b2 f4",1,"b2","f4",28,2,0.116182572614108,2.15259242331545
"b10 f4",1,"b10","f4",50,2,0.20746887966805,1.57277392806251
"f3 f4",1,"f3","f4",4,2,0.016597510373444,4.09850257237076
"f3 h1",1,"f3","h1",4,49,0.406639004149378,0.899829454820083
"f3 ant",1,"f3","ant",4,26,0.215767634854772,1.53355321490923
"f4 h1",1,"f4","h1",2,49,0.203319502074689,1.59297663538003
"f4 ant",1,"f4","ant",2,26,0.107883817427386,2.22670039546917
