"Artefact_Type","Chronology","Freq"
"other","Ertebølle",23
"slotted point","Ertebølle",0
"plate","Ertebølle",2
"flake","Ertebølle",0
"core","Ertebølle",2
"ulna dagger","Ertebølle",10
"sleeve","Ertebølle",0
"pick","Ertebølle",1
"long bone","Ertebølle",0
"figurine","Ertebølle",3
"harpoon-head","Ertebølle",11
"point","Ertebølle",6
"mattock-head","Ertebølle",0
"knife","Ertebølle",12
"dagger","Ertebølle",4
"pendant","Ertebølle",14
"shaft","Ertebølle",20
"axe","Ertebølle",60
"other","Kongemose",19
"slotted point","Kongemose",0
"plate","Kongemose",1
"flake","Kongemose",1
"core","Kongemose",2
"ulna dagger","Kongemose",0
"sleeve","Kongemose",0
"pick","Kongemose",1
"long bone","Kongemose",0
"figurine","Kongemose",0
"harpoon-head","Kongemose",0
"point","Kongemose",3
"mattock-head","Kongemose",0
"knife","Kongemose",3
"dagger","Kongemose",14
"pendant","Kongemose",4
"shaft","Kongemose",8
"axe","Kongemose",31
"other","Kongemose/Ertebølle",2
"slotted point","Kongemose/Ertebølle",0
"plate","Kongemose/Ertebølle",0
"flake","Kongemose/Ertebølle",0
"core","Kongemose/Ertebølle",1
"ulna dagger","Kongemose/Ertebølle",0
"sleeve","Kongemose/Ertebølle",0
"pick","Kongemose/Ertebølle",0
"long bone","Kongemose/Ertebølle",0
"figurine","Kongemose/Ertebølle",8
"harpoon-head","Kongemose/Ertebølle",0
"point","Kongemose/Ertebølle",2
"mattock-head","Kongemose/Ertebølle",0
"knife","Kongemose/Ertebølle",3
"dagger","Kongemose/Ertebølle",0
"pendant","Kongemose/Ertebølle",4
"shaft","Kongemose/Ertebølle",1
"axe","Kongemose/Ertebølle",2
"other","Maglemose",32
"slotted point","Maglemose",5
"plate","Maglemose",4
"flake","Maglemose",6
"core","Maglemose",4
"ulna dagger","Maglemose",0
"sleeve","Maglemose",10
"pick","Maglemose",8
"long bone","Maglemose",11
"figurine","Maglemose",0
"harpoon-head","Maglemose",1
"point","Maglemose",8
"mattock-head","Maglemose",21
"knife","Maglemose",11
"dagger","Maglemose",13
"pendant","Maglemose",32
"shaft","Maglemose",29
"axe","Maglemose",10
