"Skipgram","Chronology","Frequency","PMI"
"C4 C5 C12","Ertebølle",3,6.57514471230887
"C1 C4 C12","Ertebølle",3,4.63720273290274
"C1 C4 C5","Ertebølle",5,4.45488117610878
"A24 D5 ANT","Kongemose",1,4.35285956171647
"A24 D5 ANT","Maglemose",2,4.35285956171647
"C1 C12 C13","Ertebølle",3,4.34952066045095
"A24 B12 ANT","Kongemose",1,4.17053800492251
"A24 B12 ANT","Maglemose",2,4.17053800492251
"A1 D5 ANT","Kongemose",1,3.96199325302946
"A1 D5 ANT","Maglemose",3,3.96199325302946
"E1 F5 F12","Kongemose",3,3.94672578089867
"F12 F13 G1","Ertebølle",1,3.59152250757139
"F12 F13 G1","Kongemose",2,3.59152250757139
"C1 C5 C12","Ertebølle",3,3.53859044423462
"A1 B12 ANT","Kongemose",1,3.49198962378372
"A1 B12 ANT","Maglemose",2,3.49198962378372
"B4 C1 F12","Kongemose",2,3.45570278442886
"B4 C1 F12","Maglemose",1,3.45570278442886
"D15 G1 G2","Ertebølle",2,3.34640004953841
"D15 G1 G2","Kongemose",1,3.34640004953841
"C1 F12 F13","Ertebølle",1,3.33791974877247
"C1 F12 F13","Kongemose",2,3.33791974877247
"A1 D33 H1","Kongemose",3,3.04058742048853
"C1 E1 F14","Kongemose",2,3.02038471317101
"C1 E1 F14","Maglemose",1,3.02038471317101
"A1 A24 D5","Kongemose",2,2.98598328645368
"A1 A24 D5","Maglemose",2,2.98598328645368
"A1 E1 F14","Kongemose",2,2.93604356473726
"A1 E1 F14","Maglemose",1,2.93604356473726
"A1 G1 G7","Ertebølle",3,2.86852236386177
"B10 F5 F12","Kongemose",2,2.86791611952674
"B10 F5 F12","Maglemose",1,2.86791611952674
"A1 B10 B12","Ertebølle",1,2.83806315637706
"A1 B10 B12","Kongemose",1,2.83806315637706
"A1 B10 B12","Maglemose",1,2.83806315637706
"C1 F15 G1","Ertebølle",2,2.66518143984374
"C1 F15 G1","Kongemose",1,2.66518143984374
"B2 B10 F5","Kongemose",2,2.62675406270985
"B2 B10 F5","Maglemose",1,2.62675406270985
