"statistic","value","n_bigrams","complex"
"Min.","-1.02143545661594",106,"Maglemose"
"1st Qu.","0.228628365717929",106,"Maglemose"
"Median","0.558326140248314",106,"Maglemose"
"Mean","0.704086387962728",106,"Maglemose"
"3rd Qu.","0.972112601353402",106,"Maglemose"
"Max.","3.11767331935904",106,"Maglemose"
"Min.","-1.02143545661594",129,"Kongemose"
"1st Qu.","0.251018088080189",129,"Kongemose"
"Median","0.601995010904284",129,"Kongemose"
"Mean","0.744576566578157",129,"Kongemose"
"3rd Qu.","1.09831594846739",129,"Kongemose"
"Max.","2.8457396038754",129,"Kongemose"
"Min.","-1.02143545661594",113,"Ertebølle"
"1st Qu.","0.251018088080189",113,"Ertebølle"
"Median","0.689925083410986",113,"Ertebølle"
"Mean","0.9030672284137",113,"Ertebølle"
"3rd Qu.","1.29514219146423",113,"Ertebølle"
"Max.","4.09850257237076",113,"Ertebølle"
