"token1","token2","PMI"
"a14","a14","0"
"b3","a14","0"
"a24","a14","1.76151605265939"
"b10","a14","0"
"b2","a14","0"
"b12","a14","0"
"e4","a14","0"
"a5","a14","0"
"d5","a14","0"
"b13","a14","0"
"b4","a14","0"
"b1","a14","0"
"a1","a14","0"
"a3","a14","0"
"ant","a14","0"
"f12","a14","0"
"e1","a14","0"
"b6","a14","0"
"e5","a14","0"
"f5","a14","0"
"f13","a14","0"
"f38","a14","0"
"d29","a14","0"
"b8","a14","0"
"d33","a14","0"
"h1","a14","0"
"g2","a14","0"
"c1","a14","0"
"f14","a14","0"
"i1","a14","0"
"f35","a14","0"
"zoo","a14","0"
"d19","a14","0"
"g1","a14","0"
"d3","a14","0"
"d15","a14","0"
"f15","a14","0"
"c12","a14","0"
"c14","a14","0"
"c5","a14","0"
"c13","a14","0"
"c4","a14","0"
"c6","a14","0"
"d7","a14","0"
"f55","a14","0"
"g7","a14","0"
"i13","a14","0"
"i5","a14","0"
"relief","a14","0"
"a14","b3","0"
"b3","b3","0"
"a24","b3","0.55754324833345"
"b10","b3","0.591944675050783"
"b2","b3","1.17176317030372"
"b12","b3","0"
"e4","b3","0"
"a5","b3","0"
"d5","b3","0"
"b13","b3","0"
"b4","b3","0"
"b1","b3","0"
"a1","b3","0.102138418508868"
"a3","b3","0"
"ant","b3","0"
"f12","b3","0"
"e1","b3","0"
"b6","b3","0"
"e5","b3","0"
"f5","b3","0"
"f13","b3","0"
"f38","b3","0"
"d29","b3","0"
"b8","b3","0"
"d33","b3","0"
"h1","b3","0"
"g2","b3","0"
"c1","b3","0.186479566942618"
"f14","b3","0"
"i1","b3","0"
"f35","b3","0"
"zoo","b3","0"
"d19","b3","0"
"g1","b3","0"
"d3","b3","0"
"d15","b3","0"
"f15","b3","0"
"c12","b3","0"
"c14","b3","0"
"c5","b3","0"
"c13","b3","0"
"c4","b3","0"
"c6","b3","0"
"d7","b3","0"
"f55","b3","0"
"g7","b3","0"
"i13","b3","0"
"i5","b3","0"
"relief","b3","0"
"a14","a24","1.76151605265939"
"b3","a24","0.55754324833345"
"a24","a24","0"
"b10","a24","0.596763961486732"
"b2","a24","0.691074640957973"
"b12","a24","1.2506904288934"
"e4","a24","0.55754324833345"
"a5","a24","0.945308779342214"
"d5","a24","1.72069405813913"
"b13","a24","0.64455462532308"
"b4","a24","0"
"b1","a24","1.17064772121986"
"a1","a24","0.122225177075605"
"a3","a24","0.462233068529126"
"ant","a24","0.988326164425904"
"f12","a24","0"
"e1","a24","0.496918626517016"
"b6","a24","0"
"e5","a24","0"
"f5","a24","-0.253386967882878"
"f13","a24","0"
"f38","a24","0"
"d29","a24","0"
"b8","a24","0"
"d33","a24","0"
"h1","a24","-0.00207253960197242"
"g2","a24","0"
"c1","a24","-0.17642592674675"
"f14","a24","0.78068679964766"
"i1","a24","0"
"f35","a24","0"
"zoo","a24","-0.0020725396019722"
"d19","a24","0.739864805127405"
"g1","a24","-1.02143545661594"
"d3","a24","0"
"d15","a24","0"
"f15","a24","0"
"c12","a24","0"
"c14","a24","0"
"c5","a24","0"
"c13","a24","0"
"c4","a24","0"
"c6","a24","0"
"d7","a24","0"
"f55","a24","0"
"g7","a24","0"
"i13","a24","0"
"i5","a24","0"
"relief","a24","0"
"a14","b10","0"
"b3","b10","0.591944675050783"
"a24","b10","0.596763961486732"
"b10","b10","0"
"b2","b10","1.41862324823525"
"b12","b10","1.86045600051429"
"e4","b10","0"
"a5","b10","0.420094418124123"
"d5","b10","0"
"b13","b10","0.966638124492194"
"b4","b10","0"
"b1","b10","0"
"a1","b10","0.0613164239886123"
"a3","b10","0.273490943932248"
"ant","b10","0.953734719656286"
"f12","b10","0.561173016384029"
"e1","b10","0.819002125686129"
"b6","b10","0"
"e5","b10","1.41862324823525"
"f5","b10","0.879626747502564"
"f13","b10","0"
"f38","b10","2.26592110862245"
"d29","b10","0"
"b8","b10","0"
"d33","b10","0"
"h1","b10","0.320010959567141"
"g2","b10","0"
"c1","b10","0.00255672878168975"
"f14","b10","0.879626747502564"
"i1","b10","0"
"f35","b10","0"
"zoo","b10","0"
"d19","b10","0"
"g1","b10","-0.517030400652874"
"d3","b10","0"
"d15","b10","0"
"f15","b10","0"
"c12","b10","0"
"c14","b10","0"
"c5","b10","0"
"c13","b10","0"
"c4","b10","0"
"c6","b10","0"
"d7","b10","0"
"f55","b10","0"
"g7","b10","0"
"i13","b10","0"
"i5","b10","0"
"relief","b10","0"
"a14","b2","0"
"b3","b2","1.17176317030372"
"a24","b2","0.691074640957973"
"b10","b2","1.41862324823525"
"b2","b2","0"
"b12","b2","0"
"e4","b2","0"
"a5","b2","0"
"d5","b2","0"
"b13","b2","1.54645661974514"
"b4","b2","0"
"b1","b2","0"
"a1","b2","0.417991367927345"
"a3","b2","0"
"ant","b2","0.973937426973805"
"f12","b2","0"
"e1","b2","0"
"b6","b2","0"
"e5","b2","0"
"f5","b2","0.871658577853387"
"f13","b2","0"
"f38","b2","0"
"d29","b2","0"
"b8","b2","0"
"d33","b2","0"
"h1","b2","0.56335721819887"
"g2","b2","0"
"c1","b2","0.502332516361095"
"f14","b2","0"
"i1","b2","0"
"f35","b2","0"
"zoo","b2","0"
"d19","b2","0"
"g1","b2","0.216938774427327"
"d3","b2","0"
"d15","b2","0"
"f15","b2","0"
"c12","b2","0"
"c14","b2","0"
"c5","b2","0"
"c13","b2","0"
"c4","b2","0"
"c6","b2","0"
"d7","b2","0"
"f55","b2","0"
"g7","b2","0"
"i13","b2","0"
"i5","b2","0"
"relief","b2","0"
"a14","b12","0"
"b3","b12","0"
"a24","b12","1.2506904288934"
"b10","b12","1.86045600051429"
"b2","b12","0"
"b12","b12","0"
"e4","b12","0"
"a5","b12","0"
"d5","b12","0"
"b13","b12","0"
"b4","b12","0"
"b1","b12","0"
"a1","b12","0.859824120206384"
"a3","b12","0"
"ant","b12","2.22670039546917"
"f12","b12","0"
"e1","b12","0"
"b6","b12","0"
"e5","b12","0"
"f5","b12","0"
"f13","b12","0"
"f38","b12","0"
"d29","b12","0"
"b8","b12","0"
"d33","b12","0"
"h1","b12","0"
"g2","b12","0"
"c1","b12","0"
"f14","b12","0"
"i1","b12","0"
"f35","b12","0"
"zoo","b12","0"
"d19","b12","0"
"g1","b12","0"
"d3","b12","0"
"d15","b12","0"
"f15","b12","0"
"c12","b12","0"
"c14","b12","0"
"c5","b12","0"
"c13","b12","0"
"c4","b12","0"
"c6","b12","0"
"d7","b12","0"
"f55","b12","0"
"g7","b12","0"
"i13","b12","0"
"i5","b12","0"
"relief","b12","0"
"a14","e4","0"
"b3","e4","0"
"a24","e4","0.55754324833345"
"b10","e4","0"
"b2","e4","0"
"b12","e4","0"
"e4","e4","0"
"a5","e4","1.84721077376427"
"d5","e4","0"
"b13","e4","0"
"b4","e4","0"
"b1","e4","0"
"a1","e4","0"
"a3","e4","0"
"ant","e4","0"
"f12","e4","0"
"e1","e4","0"
"b6","e4","0"
"e5","e4","2.8457396038754"
"f5","e4","0"
"f13","e4","0"
"f38","e4","0"
"d29","e4","0"
"b8","e4","0"
"d33","e4","0"
"h1","e4","0"
"g2","e4","0"
"c1","e4","-0.0366639843715915"
"f14","e4","0"
"i1","e4","0"
"f35","e4","0"
"zoo","e4","0"
"d19","e4","0"
"g1","e4","0"
"d3","e4","0"
"d15","e4","0"
"f15","e4","0"
"c12","e4","0"
"c14","e4","0"
"c5","e4","0"
"c13","e4","0"
"c4","e4","0"
"c6","e4","0"
"d7","e4","0"
"f55","e4","0"
"g7","e4","0"
"i13","e4","0"
"i5","e4","0"
"relief","e4","0"
"a14","a5","0"
"b3","a5","0"
"a24","a5","0.945308779342214"
"b10","a5","0.420094418124123"
"b2","a5","0"
"b12","a5","0"
"e4","a5","1.84721077376427"
"a5","a5","0"
"d5","a5","0"
"b13","a5","0"
"b4","a5","0"
"b1","a5","0"
"a1","a5","0.400291790827944"
"a3","a5","0"
"ant","a5","0"
"f12","a5","0"
"e1","a5","0"
"b6","a5","0"
"e5","a5","0"
"f5","a5","0"
"f13","a5","0"
"f38","a5","0"
"d29","a5","0"
"b8","a5","0"
"d33","a5","0"
"h1","a5","0.440297125441643"
"g2","a5","0"
"c1","a5","-0.496196313750032"
"f14","a5","0"
"i1","a5","0"
"f35","a5","0"
"zoo","a5","0"
"d19","a5","0"
"g1","a5","0"
"d3","a5","0"
"d15","a5","0"
"f15","a5","0"
"c12","a5","0"
"c14","a5","0"
"c5","a5","0"
"c13","a5","0"
"c4","a5","0"
"c6","a5","0"
"d7","a5","0"
"f55","a5","0"
"g7","a5","0"
"i13","a5","0"
"i5","a5","0"
"relief","a5","0"
"a14","d5","0"
"b3","d5","0"
"a24","d5","1.72069405813913"
"b10","d5","0"
"b2","d5","0"
"b12","d5","0"
"e4","d5","0"
"a5","d5","0"
"d5","d5","0"
"b13","d5","0"
"b4","d5","0"
"b1","d5","0"
"a1","d5","1.26528922831455"
"a3","d5","0"
"ant","d5","2.69670402471491"
"f12","d5","0"
"e1","d5","0"
"b6","d5","0"
"e5","d5","0"
"f5","d5","0"
"f13","d5","0"
"f38","d5","0"
"d29","d5","0"
"b8","d5","0"
"d33","d5","0"
"h1","d5","0"
"g2","d5","0"
"c1","d5","0"
"f14","d5","0"
"i1","d5","0"
"f35","d5","0"
"zoo","d5","0"
"d19","d5","0"
"g1","d5","0"
"d3","d5","0"
"d15","d5","0"
"f15","d5","0"
"c12","d5","0"
"c14","d5","0"
"c5","d5","0"
"c13","d5","0"
"c4","d5","0"
"c6","d5","0"
"d7","d5","0"
"f55","d5","0"
"g7","d5","0"
"i13","d5","0"
"i5","d5","0"
"relief","d5","0"
"a14","b13","0"
"b3","b13","0"
"a24","b13","0.64455462532308"
"b10","b13","0.966638124492194"
"b2","b13","1.54645661974514"
"b12","b13","0"
"e4","b13","0"
"a5","b13","0"
"d5","b13","0"
"b13","b13","0"
"b4","b13","0"
"b1","b13","0"
"a1","b13","0.253688316636068"
"a3","b13","0"
"ant","b13","0"
"f12","b13","0"
"e1","b13","2.04544778586412"
"b6","b13","0"
"e5","b13","0"
"f5","b13","1.29514219146423"
"f13","b13","0"
"f38","b13","0"
"d29","b13","0"
"b8","b13","0"
"d33","b13","0"
"h1","b13","0"
"g2","b13","0"
"c1","b13","0.0503473926180384"
"f14","b13","0"
"i1","b13","0"
"f35","b13","0"
"zoo","b13","0"
"d19","b13","0"
"g1","b13","0.303950151416957"
"d3","b13","0"
"d15","b13","0"
"f15","b13","0"
"c12","b13","0"
"c14","b13","0"
"c5","b13","0"
"c13","b13","0"
"c4","b13","0"
"c6","b13","0"
"d7","b13","0"
"f55","b13","0"
"g7","b13","0"
"i13","b13","0"
"i5","b13","0"
"relief","b13","0"
"a14","b4","0"
"b3","b4","0"
"a24","b4","0"
"b10","b4","0"
"b2","b4","0"
"b12","b4","0"
"e4","b4","0"
"a5","b4","0"
"d5","b4","0"
"b13","b4","0"
"b4","b4","0"
"b1","b4","0"
"a1","b4","0.572142047754603"
"a3","b4","0"
"ant","b4","0"
"f12","b4","2.10607240768056"
"e1","b4","0"
"b6","b4","0"
"e5","b4","0"
"f5","b4","1.61359592258276"
"f13","b4","0"
"f38","b4","0"
"d29","b4","0"
"b8","b4","0"
"d33","b4","0"
"h1","b4","0"
"g2","b4","0"
"c1","b4","0.368801123736573"
"f14","b4","0"
"i1","b4","0"
"f35","b4","0"
"zoo","b4","0"
"d19","b4","0"
"g1","b4","0.622403882535491"
"d3","b4","0"
"d15","b4","0"
"f15","b4","0"
"c12","b4","0"
"c14","b4","0"
"c5","b4","0"
"c13","b4","0"
"c4","b4","0"
"c6","b4","0"
"d7","b4","0"
"f55","b4","0"
"g7","b4","0"
"i13","b4","0"
"i5","b4","0"
"relief","b4","0"
"a14","b1","0"
"b3","b1","0"
"a24","b1","1.17064772121986"
"b10","b1","0"
"b2","b1","0"
"b12","b1","0"
"e4","b1","0"
"a5","b1","0"
"d5","b1","0"
"b13","b1","0"
"b4","b1","0"
"b1","b1","0"
"a1","b1","0.492099340081067"
"a3","b1","0"
"ant","b1","0"
"f12","b1","0"
"e1","b1","0"
"b6","b1","0"
"e5","b1","0"
"f5","b1","0"
"f13","b1","0"
"f38","b1","0"
"d29","b1","0"
"b8","b1","0"
"d33","b1","0"
"h1","b1","0"
"g2","b1","0"
"c1","b1","0.576440488514817"
"f14","b1","0"
"i1","b1","0"
"f35","b1","0"
"zoo","b1","0"
"d19","b1","0"
"g1","b1","0.13689606675379"
"d3","b1","0"
"d15","b1","0"
"f15","b1","0"
"c12","b1","0"
"c14","b1","0"
"c5","b1","0"
"c13","b1","0"
"c4","b1","0"
"c6","b1","0"
"d7","b1","0"
"f55","b1","0"
"g7","b1","0"
"i13","b1","0"
"i5","b1","0"
"relief","b1","0"
"a14","a1","0"
"b3","a1","0.102138418508868"
"a24","a1","0.122225177075605"
"b10","a1","0.0613164239886123"
"b2","a1","0.417991367927345"
"b12","a1","0.859824120206384"
"e4","a1","0"
"a5","a1","0.400291790827944"
"d5","a1","1.26528922831455"
"b13","a1","0.253688316636068"
"b4","a1","0.572142047754603"
"b1","a1","0.492099340081067"
"a1","a1","0"
"a3","a1","0.371471352292452"
"ant","a1","0.309777783287112"
"f12","a1","-0.0339937558157125"
"e1","a1","0.511517425938168"
"b6","a1","-0.275155812632601"
"e5","a1","0"
"f5","a1","0.166676939646439"
"f13","a1","0.859824120206384"
"f38","a1","0"
"d29","a1","0.705673440379126"
"b8","a1","0.859824120206384"
"d33","a1","1.04214567700034"
"h1","a1","0.146057652443703"
"g2","a1","-0.483910626494711"
"c1","a1","0.221165124930508"
"f14","a1","0.689925083410986"
"i1","a1","0"
"f35","a1","0"
"zoo","a1","-0.392938848288984"
"d19","a1","0"
"g1","a1","0.0227827599863693"
"d3","a1","0.284459975302822"
"d15","a1","-0.0339937558157125"
"f15","a1","0.977607155862767"
"c12","a1","0"
"c14","a1","0"
"c5","a1","-0.015644617147516"
"c13","a1","0"
"c4","a1","0"
"c6","a1","0"
"d7","a1","0"
"f55","a1","0"
"g7","a1","1.26528922831455"
"i13","a1","0"
"i5","a1","0"
"relief","a1","0"
"a14","a3","0"
"b3","a3","0"
"a24","a3","0.462233068529126"
"b10","a3","0.273490943932248"
"b2","a3","0"
"b12","a3","0"
"e4","a3","0"
"a5","a3","0"
"d5","a3","0"
"b13","a3","0"
"b4","a3","0"
"b1","a3","0"
"a1","a3","0.371471352292452"
"a3","a3","0"
"ant","a3","0.927417411338912"
"f12","a3","0"
"e1","a3","0"
"b6","a3","0"
"e5","a3","0"
"f5","a3","0.601995010904284"
"f13","a3","0"
"f38","a3","0"
"d29","a3","0"
"b8","a3","0"
"d33","a3","0"
"h1","a3","0.804519275015758"
"g2","a3","0"
"c1","a3","0.455812500726203"
"f14","a3","0"
"i1","a3","0"
"f35","a3","0"
"zoo","a3","0"
"d19","a3","0"
"g1","a3","0.458100831244215"
"d3","a3","0"
"d15","a3","0"
"f15","a3","0"
"c12","a3","0"
"c14","a3","0"
"c5","a3","0"
"c13","a3","0"
"c4","a3","0"
"c6","a3","0"
"d7","a3","0"
"f55","a3","0"
"g7","a3","0"
"i13","a3","0"
"i5","a3","0"
"relief","a3","0"
"a14","ant","0"
"b3","ant","0"
"a24","ant","0.988326164425904"
"b10","ant","0.953734719656286"
"b2","ant","0.973937426973805"
"b12","ant","2.22670039546917"
"e4","ant","0"
"a5","ant","0"
"d5","ant","2.69670402471491"
"b13","ant","0"
"b4","ant","0"
"b1","ant","0"
"a1","ant","0.309777783287112"
"a3","ant","0.927417411338912"
"ant","ant","0"
"f12","ant","0.927417411338912"
"e1","ant","0"
"b6","ant","0"
"e5","ant","0"
"f5","ant","0.722622998692899"
"f13","ant","0"
"f38","ant","0"
"d29","ant","0"
"b8","ant","0"
"d33","ant","0"
"h1","ant","0.126639566586601"
"g2","ant","0"
"c1","ant","-0.116706692045128"
"f14","ant","0"
"i1","ant","0.492099340081067"
"f35","ant","0"
"zoo","ant","0"
"d19","ant","0"
"g1","ant","-0.268569041354374"
"d3","ant","0"
"d15","ant","0"
"f15","ant","0"
"c12","ant","0"
"c14","ant","0"
"c5","ant","0"
"c13","ant","0"
"c4","ant","0"
"c6","ant","0"
"d7","ant","0"
"f55","ant","0"
"g7","ant","0"
"i13","ant","0"
"i5","ant","0"
"relief","ant","0"
"a14","f12","0"
"b3","f12","0"
"a24","f12","0"
"b10","f12","0.561173016384029"
"b2","f12","0"
"b12","f12","0"
"e4","f12","0"
"a5","f12","0"
"d5","f12","0"
"b13","f12","0"
"b4","f12","2.10607240768056"
"b1","f12","0"
"a1","f12","-0.0339937558157125"
"a3","f12","0"
"ant","f12","0.927417411338912"
"f12","f12","0"
"e1","f12","2.04544778586412"
"b6","f12","0"
"e5","f12","0"
"f5","f12","1.58282426391601"
"f13","f12","1.98828937202417"
"f38","f12","0"
"d29","f12","0"
"b8","f12","0"
"d33","f12","0"
"h1","f12","0"
"g2","f12","0"
"c1","f12","0.561173016384029"
"f14","f12","1.41292522712061"
"i1","f12","0"
"f35","f12","0"
"zoo","f12","0"
"d19","f12","0"
"g1","f12","0.303950151416957"
"d3","f12","0"
"d15","f12","0"
"f15","f12","0"
"c12","f12","0"
"c14","f12","0"
"c5","f12","0"
"c13","f12","0"
"c4","f12","0"
"c6","f12","0"
"d7","f12","0"
"f55","f12","0"
"g7","f12","0"
"i13","f12","0"
"i5","f12","0"
"relief","f12","0"
"a14","e1","0"
"b3","e1","0"
"a24","e1","0.496918626517016"
"b10","e1","0.819002125686129"
"b2","e1","0"
"b12","e1","0"
"e4","e1","0"
"a5","e1","0"
"d5","e1","0"
"b13","e1","2.04544778586412"
"b4","e1","0"
"b1","e1","0"
"a1","e1","0.511517425938168"
"a3","e1","0"
"ant","e1","0"
"f12","e1","2.04544778586412"
"e1","e1","0"
"b6","e1","0"
"e5","e1","2.49743290960718"
"f5","e1","1.55297130076633"
"f13","e1","0"
"f38","e1","0"
"d29","e1","0"
"b8","e1","0"
"d33","e1","0"
"h1","e1","0"
"g2","e1","0"
"c1","e1","0.125854945126183"
"f14","e1","1.95843640887449"
"i1","e1","0"
"f35","e1","0"
"zoo","e1","0"
"d19","e1","0"
"g1","e1","0.156314152610892"
"d3","e1","0"
"d15","e1","0"
"f15","e1","0"
"c12","e1","0"
"c14","e1","0"
"c5","e1","0"
"c13","e1","0"
"c4","e1","0"
"c6","e1","0"
"d7","e1","0"
"f55","e1","0"
"g7","e1","0"
"i13","e1","0"
"i5","e1","0"
"relief","e1","0"
"a14","b6","0"
"b3","b6","0"
"a24","b6","0"
"b10","b6","0"
"b2","b6","0"
"b12","b6","0"
"e4","b6","0"
"a5","b6","0"
"d5","b6","0"
"b13","b6","0"
"b4","b6","0"
"b1","b6","0"
"a1","b6","-0.275155812632601"
"a3","b6","0"
"ant","b6","0"
"f12","b6","0"
"e1","b6","0"
"b6","b6","0"
"e5","b6","0"
"f5","b6","0"
"f13","b6","0"
"f38","b6","0"
"d29","b6","0"
"b8","b6","0"
"d33","b6","0"
"h1","b6","1.03336084744461"
"g2","b6","0"
"c1","b6","0"
"f14","b6","0"
"i1","b6","0"
"f35","b6","0"
"zoo","b6","0"
"d19","b6","0"
"g1","b6","0"
"d3","b6","0"
"d15","b6","0"
"f15","b6","0"
"c12","b6","0"
"c14","b6","0"
"c5","b6","0"
"c13","b6","0"
"c4","b6","0"
"c6","b6","0"
"d7","b6","0"
"f55","b6","0"
"g7","b6","0"
"i13","b6","0"
"i5","b6","0"
"relief","b6","0"
"a14","e5","0"
"b3","e5","0"
"a24","e5","0"
"b10","e5","1.41862324823525"
"b2","e5","0"
"b12","e5","0"
"e4","e5","2.8457396038754"
"a5","e5","0"
"d5","e5","0"
"b13","e5","0"
"b4","e5","0"
"b1","e5","0"
"a1","e5","0"
"a3","e5","0"
"ant","e5","0"
"f12","e5","0"
"e1","e5","2.49743290960718"
"b6","e5","0"
"e5","e5","0"
"f5","e5","0"
"f13","e5","0"
"f38","e5","0"
"d29","e5","0"
"b8","e5","0"
"d33","e5","0"
"h1","e5","0"
"g2","e5","0"
"c1","e5","0.502332516361095"
"f14","e5","0"
"i1","e5","0"
"f35","e5","0"
"zoo","e5","0"
"d19","e5","0"
"g1","e5","1.04361734761179"
"d3","e5","0"
"d15","e5","0"
"f15","e5","0"
"c12","e5","0"
"c14","e5","0"
"c5","e5","0"
"c13","e5","0"
"c4","e5","0"
"c6","e5","0"
"d7","e5","0"
"f55","e5","0"
"g7","e5","0"
"i13","e5","0"
"i5","e5","0"
"relief","e5","0"
"a14","f5","0"
"b3","f5","0"
"a24","f5","-0.253386967882878"
"b10","f5","0.879626747502564"
"b2","f5","0.871658577853387"
"b12","f5","0"
"e4","f5","0"
"a5","f5","0"
"d5","f5","0"
"b13","f5","1.29514219146423"
"b4","f5","1.61359592258276"
"b1","f5","0"
"a1","f5","0.166676939646439"
"a3","f5","0.601995010904284"
"ant","f5","0.722622998692899"
"f12","f5","1.58282426391601"
"e1","f5","1.55297130076633"
"b6","f5","0"
"e5","f5","0"
"f5","f5","0"
"f13","f5","0"
"f38","f5","0"
"d29","f5","0"
"b8","f5","0"
"d33","f5","0"
"h1","f5","0.494364346711919"
"g2","f5","0"
"c1","f5","0.251018088080189"
"f14","f5","1.43127436578881"
"i1","f5","0"
"f35","f5","0"
"zoo","f5","0"
"d19","f5","0"
"g1","f5","-0.370847890474792"
"d3","f5","0"
"d15","f5","0"
"f15","f5","0"
"c12","f5","0"
"c14","f5","0"
"c5","f5","0"
"c13","f5","0"
"c4","f5","0"
"c6","f5","0"
"d7","f5","0"
"f55","f5","0"
"g7","f5","0"
"i13","f5","0"
"i5","f5","0"
"relief","f5","0"
"a14","f13","0"
"b3","f13","0"
"a24","f13","0"
"b10","f13","0"
"b2","f13","0"
"b12","f13","0"
"e4","f13","0"
"a5","f13","0"
"d5","f13","0"
"b13","f13","0"
"b4","f13","0"
"b1","f13","0"
"a1","f13","0.859824120206384"
"a3","f13","0"
"ant","f13","0"
"f12","f13","1.98828937202417"
"e1","f13","0"
"b6","f13","0"
"e5","f13","0"
"f5","f13","0"
"f13","f13","0"
"f38","f13","0"
"d29","f13","0"
"b8","f13","0"
"d33","f13","0"
"h1","f13","0"
"g2","f13","0"
"c1","f13","1.09831594846739"
"f14","f13","0"
"i1","f13","0"
"f35","f13","0"
"zoo","f13","0"
"d19","f13","0"
"g1","f13","1.19776802743905"
"d3","f13","0"
"d15","f13","0"
"f15","f13","0"
"c12","f13","0"
"c14","f13","0"
"c5","f13","0"
"c13","f13","0"
"c4","f13","0"
"c6","f13","0"
"d7","f13","0"
"f55","f13","0"
"g7","f13","0"
"i13","f13","0"
"i5","f13","0"
"relief","f13","0"
"a14","f38","0"
"b3","f38","0"
"a24","f38","0"
"b10","f38","2.26592110862245"
"b2","f38","0"
"b12","f38","0"
"e4","f38","0"
"a5","f38","0"
"d5","f38","0"
"b13","f38","0"
"b4","f38","0"
"b1","f38","0"
"a1","f38","0"
"a3","f38","0"
"ant","f38","0"
"f12","f38","0"
"e1","f38","0"
"b6","f38","0"
"e5","f38","0"
"f5","f38","0"
"f13","f38","0"
"f38","f38","0"
"d29","f38","0"
"b8","f38","0"
"d33","f38","0"
"h1","f38","0"
"g2","f38","0"
"c1","f38","0"
"f14","f38","0"
"i1","f38","0"
"f35","f38","0"
"zoo","f38","0"
"d19","f38","0"
"g1","f38","0"
"d3","f38","0"
"d15","f38","0"
"f15","f38","0"
"c12","f38","0"
"c14","f38","0"
"c5","f38","0"
"c13","f38","0"
"c4","f38","0"
"c6","f38","0"
"d7","f38","0"
"f55","f38","0"
"g7","f38","0"
"i13","f38","0"
"i5","f38","0"
"relief","f38","0"
"a14","d29","0"
"b3","d29","0"
"a24","d29","0"
"b10","d29","0"
"b2","d29","0"
"b12","d29","0"
"e4","d29","0"
"a5","d29","0"
"d5","d29","0"
"b13","d29","0"
"b4","d29","0"
"b1","d29","0"
"a1","d29","0.705673440379126"
"a3","d29","0"
"ant","d29","0"
"f12","d29","0"
"e1","d29","0"
"b6","d29","0"
"e5","d29","0"
"f5","d29","0"
"f13","d29","0"
"f38","d29","0"
"d29","d29","0"
"b8","d29","0"
"d33","d29","0"
"h1","d29","0"
"g2","d29","0"
"c1","d29","0"
"f14","d29","0"
"i1","d29","0"
"f35","d29","0"
"zoo","d29","0"
"d19","d29","0"
"g1","d29","0"
"d3","d29","0"
"d15","d29","0"
"f15","d29","0"
"c12","d29","0"
"c14","d29","0"
"c5","d29","0"
"c13","d29","0"
"c4","d29","0"
"c6","d29","0"
"d7","d29","0"
"f55","d29","0"
"g7","d29","0"
"i13","d29","0"
"i5","d29","0"
"relief","d29","0"
"a14","b8","0"
"b3","b8","0"
"a24","b8","0"
"b10","b8","0"
"b2","b8","0"
"b12","b8","0"
"e4","b8","0"
"a5","b8","0"
"d5","b8","0"
"b13","b8","0"
"b4","b8","0"
"b1","b8","0"
"a1","b8","0.859824120206384"
"a3","b8","0"
"ant","b8","0"
"f12","b8","0"
"e1","b8","0"
"b6","b8","0"
"e5","b8","0"
"f5","b8","0"
"f13","b8","0"
"f38","b8","0"
"d29","b8","0"
"b8","b8","0"
"d33","b8","0"
"h1","b8","0"
"g2","b8","0"
"c1","b8","0"
"f14","b8","0"
"i1","b8","0"
"f35","b8","0"
"zoo","b8","0"
"d19","b8","0"
"g1","b8","0"
"d3","b8","0"
"d15","b8","0"
"f15","b8","0"
"c12","b8","0"
"c14","b8","0"
"c5","b8","0"
"c13","b8","0"
"c4","b8","0"
"c6","b8","0"
"d7","b8","0"
"f55","b8","0"
"g7","b8","0"
"i13","b8","0"
"i5","b8","0"
"relief","b8","0"
"a14","d33","0"
"b3","d33","0"
"a24","d33","0"
"b10","d33","0"
"b2","d33","0"
"b12","d33","0"
"e4","d33","0"
"a5","d33","0"
"d5","d33","0"
"b13","d33","0"
"b4","d33","0"
"b1","d33","0"
"a1","d33","1.04214567700034"
"a3","d33","0"
"ant","d33","0"
"f12","d33","0"
"e1","d33","0"
"b6","d33","0"
"e5","d33","0"
"f5","d33","0"
"f13","d33","0"
"f38","d33","0"
"d29","d33","0"
"b8","d33","0"
"d33","d33","0"
"h1","d33","1.77529819217398"
"g2","d33","0"
"c1","d33","0"
"f14","d33","0"
"i1","d33","0"
"f35","d33","0"
"zoo","d33","0"
"d19","d33","0"
"g1","d33","0"
"d3","d33","0"
"d15","d33","0"
"f15","d33","0"
"c12","d33","0"
"c14","d33","0"
"c5","d33","0"
"c13","d33","0"
"c4","d33","0"
"c6","d33","0"
"d7","d33","0"
"f55","d33","0"
"g7","d33","0"
"i13","d33","0"
"i5","d33","0"
"relief","d33","0"
"a14","h1","0"
"b3","h1","0"
"a24","h1","-0.00207253960197242"
"b10","h1","0.320010959567141"
"b2","h1","0.56335721819887"
"b12","h1","0"
"e4","h1","0"
"a5","h1","0.440297125441643"
"d5","h1","0"
"b13","h1","0"
"b4","h1","0"
"b1","h1","0"
"a1","h1","0.146057652443703"
"a3","h1","0.804519275015758"
"ant","h1","0.126639566586601"
"f12","h1","0"
"e1","h1","0"
"b6","h1","1.03336084744461"
"e5","h1","0"
"f5","h1","0.494364346711919"
"f13","h1","0"
"f38","h1","0"
"d29","h1","0"
"b8","h1","0"
"d33","h1","1.77529819217398"
"h1","h1","0"
"g2","h1","0"
"c1","h1","0.0968674082529311"
"f14","h1","0.612147382368302"
"i1","h1","0"
"f35","h1","0"
"zoo","h1","0.340213666884661"
"d19","h1","0"
"g1","h1","0.0139979304306366"
"d3","h1","0"
"d15","h1","0"
"f15","h1","0"
"c12","h1","0"
"c14","h1","0"
"c5","h1","0"
"c13","h1","0"
"c4","h1","0"
"c6","h1","0"
"d7","h1","0"
"f55","h1","0"
"g7","h1","0"
"i13","h1","0"
"i5","h1","0"
"relief","h1","1.88065870783181"
"a14","g2","0"
"b3","g2","0"
"a24","g2","0"
"b10","g2","0"
"b2","g2","0"
"b12","g2","0"
"e4","g2","0"
"a5","g2","0"
"d5","g2","0"
"b13","g2","0"
"b4","g2","0"
"b1","g2","0"
"a1","g2","-0.483910626494711"
"a3","g2","0"
"ant","g2","0"
"f12","g2","0"
"e1","g2","0"
"b6","g2","0"
"e5","g2","0"
"f5","g2","0"
"f13","g2","0"
"f38","g2","0"
"d29","g2","0"
"b8","g2","0"
"d33","g2","0"
"h1","g2","0"
"g2","g2","0"
"c1","g2","0.516721253813195"
"f14","g2","0"
"i1","g2","0"
"f35","g2","0"
"zoo","g2","0"
"d19","g2","0"
"g1","g2","0.952645569406068"
"d3","g2","0"
"d15","g2","1.74316691399119"
"f15","g2","0"
"c12","g2","0"
"c14","g2","0"
"c5","g2","0"
"c13","g2","0"
"c4","g2","0"
"c6","g2","0"
"d7","g2","0"
"f55","g2","0"
"g7","g2","0"
"i13","g2","0"
"i5","g2","0"
"relief","g2","0"
"a14","c1","0"
"b3","c1","0.186479566942618"
"a24","c1","-0.17642592674675"
"b10","c1","0.00255672878168975"
"b2","c1","0.502332516361095"
"b12","c1","0"
"e4","c1","-0.0366639843715915"
"a5","c1","-0.496196313750032"
"d5","c1","0"
"b13","c1","0.0503473926180384"
"b4","c1","0.368801123736573"
"b1","c1","0.576440488514817"
"a1","c1","0.221165124930508"
"a3","c1","0.455812500726203"
"ant","c1","-0.116706692045128"
"f12","c1","0.561173016384029"
"e1","c1","0.125854945126183"
"b6","c1","0"
"e5","c1","0.502332516361095"
"f5","c1","0.251018088080189"
"f13","c1","1.09831594846739"
"f38","c1","0"
"d29","c1","0"
"b8","c1","0"
"d33","c1","0"
"h1","c1","0.0968674082529311"
"g2","c1","0.516721253813195"
"c1","c1","0"
"f14","c1","0.368801123736573"
"i1","c1","0"
"f35","c1","0"
"zoo","c1","-0.0854541485410235"
"d19","c1","0"
"g1","c1","0.559109032163177"
"d3","c1","0.656483196188354"
"d15","c1","0.561173016384029"
"f15","c1","1.06194830429652"
"c12","c1","1.09831594846739"
"c14","c1","0.656483196188354"
"c5","c1","0.656483196188354"
"c13","c1","1.06194830429652"
"c4","c1","1.16730881995434"
"c6","c1","0"
"d7","c1","0"
"f55","c1","1.3496303767483"
"g7","c1","0"
"i13","c1","0"
"i5","c1","0"
"relief","c1","0"
"a14","f14","0"
"b3","f14","0"
"a24","f14","0.78068679964766"
"b10","f14","0.879626747502564"
"b2","f14","0"
"b12","f14","0"
"e4","f14","0"
"a5","f14","0"
"d5","f14","0"
"b13","f14","0"
"b4","f14","0"
"b1","f14","0"
"a1","f14","0.689925083410986"
"a3","f14","0"
"ant","f14","0"
"f12","f14","1.41292522712061"
"e1","f14","1.95843640887449"
"b6","f14","0"
"e5","f14","0"
"f5","f14","1.43127436578881"
"f13","f14","0"
"f38","f14","0"
"d29","f14","0"
"b8","f14","0"
"d33","f14","0"
"h1","f14","0.612147382368302"
"g2","f14","0"
"c1","f14","0.368801123736573"
"f14","f14","0"
"i1","f14","0"
"f35","f14","3.11767331935904"
"zoo","f14","0"
"d19","f14","0"
"g1","f14","0.216938774427327"
"d3","f14","0"
"d15","f14","0"
"f15","f14","0"
"c12","f14","0"
"c14","f14","0"
"c5","f14","0"
"c13","f14","0"
"c4","f14","0"
"c6","f14","0"
"d7","f14","0"
"f55","f14","0"
"g7","f14","0"
"i13","f14","0"
"i5","f14","0"
"relief","f14","0"
"a14","i1","0"
"b3","i1","0"
"a24","i1","0"
"b10","i1","0"
"b2","i1","0"
"b12","i1","0"
"e4","i1","0"
"a5","i1","0"
"d5","i1","0"
"b13","i1","0"
"b4","i1","0"
"b1","i1","0"
"a1","i1","0"
"a3","i1","0"
"ant","i1","0.492099340081067"
"f12","i1","0"
"e1","i1","0"
"b6","i1","0"
"e5","i1","0"
"f5","i1","0"
"f13","i1","0"
"f38","i1","0"
"d29","i1","0"
"b8","i1","0"
"d33","i1","0"
"h1","i1","0"
"g2","i1","0"
"c1","i1","0"
"f14","i1","0"
"i1","i1","0"
"f35","i1","0"
"zoo","i1","0"
"d19","i1","0"
"g1","i1","0"
"d3","i1","0"
"d15","i1","0"
"f15","i1","0"
"c12","i1","0"
"c14","i1","0"
"c5","i1","0"
"c13","i1","0"
"c4","i1","0"
"c6","i1","0"
"d7","i1","0"
"f55","i1","0"
"g7","i1","0"
"i13","i1","2.36390151698266"
"i5","i1","1.95843640887449"
"relief","i1","0"
"a14","f35","0"
"b3","f35","0"
"a24","f35","0"
"b10","f35","0"
"b2","f35","0"
"b12","f35","0"
"e4","f35","0"
"a5","f35","0"
"d5","f35","0"
"b13","f35","0"
"b4","f35","0"
"b1","f35","0"
"a1","f35","0"
"a3","f35","0"
"ant","f35","0"
"f12","f35","0"
"e1","f35","0"
"b6","f35","0"
"e5","f35","0"
"f5","f35","0"
"f13","f35","0"
"f38","f35","0"
"d29","f35","0"
"b8","f35","0"
"d33","f35","0"
"h1","f35","0"
"g2","f35","0"
"c1","f35","0"
"f14","f35","3.11767331935904"
"i1","f35","0"
"f35","f35","0"
"zoo","f35","0"
"d19","f35","0"
"g1","f35","0"
"d3","f35","0"
"d15","f35","0"
"f15","f35","0"
"c12","f35","0"
"c14","f35","0"
"c5","f35","0"
"c13","f35","0"
"c4","f35","0"
"c6","f35","0"
"d7","f35","0"
"f55","f35","0"
"g7","f35","0"
"i13","f35","0"
"i5","f35","0"
"relief","f35","0"
"a14","zoo","0"
"b3","zoo","0"
"a24","zoo","-0.0020725396019722"
"b10","zoo","0"
"b2","zoo","0"
"b12","zoo","0"
"e4","zoo","0"
"a5","zoo","0"
"d5","zoo","0"
"b13","zoo","0"
"b4","zoo","0"
"b1","zoo","0"
"a1","zoo","-0.392938848288984"
"a3","zoo","0"
"ant","zoo","0"
"f12","zoo","0"
"e1","zoo","0"
"b6","zoo","0"
"e5","zoo","0"
"f5","zoo","0"
"f13","zoo","0"
"f38","zoo","0"
"d29","zoo","0"
"b8","zoo","0"
"d33","zoo","0"
"h1","zoo","0.340213666884661"
"g2","zoo","0"
"c1","zoo","-0.0854541485410235"
"f14","zoo","0"
"i1","zoo","0"
"f35","zoo","0"
"zoo","zoo","0"
"d19","zoo","0"
"g1","zoo","0.168148610257895"
"d3","zoo","2.15259242331545"
"d15","zoo","0"
"f15","zoo","0"
"c12","zoo","0"
"c14","zoo","0"
"c5","zoo","0"
"c13","zoo","0"
"c4","zoo","0"
"c6","zoo","0"
"d7","zoo","0"
"f55","zoo","0"
"g7","zoo","0"
"i13","zoo","0"
"i5","zoo","0"
"relief","zoo","0"
"a14","d19","0"
"b3","d19","0"
"a24","d19","0.739864805127405"
"b10","d19","0"
"b2","d19","0"
"b12","d19","0"
"e4","d19","0"
"a5","d19","0"
"d5","d19","0"
"b13","d19","0"
"b4","d19","0"
"b1","d19","0"
"a1","d19","0"
"a3","d19","0"
"ant","d19","0"
"f12","d19","0"
"e1","d19","0"
"b6","d19","0"
"e5","d19","0"
"f5","d19","0"
"f13","d19","0"
"f38","d19","0"
"d29","d19","0"
"b8","d19","0"
"d33","d19","0"
"h1","d19","0"
"g2","d19","0"
"c1","d19","0"
"f14","d19","0"
"i1","d19","0"
"f35","d19","0"
"zoo","d19","0"
"d19","d19","0"
"g1","d19","0"
"d3","d19","0"
"d15","d19","0"
"f15","d19","0"
"c12","d19","0"
"c14","d19","0"
"c5","d19","0"
"c13","d19","0"
"c4","d19","0"
"c6","d19","0"
"d7","d19","0"
"f55","d19","0"
"g7","d19","0"
"i13","d19","0"
"i5","d19","0"
"relief","d19","0"
"a14","g1","0"
"b3","g1","0"
"a24","g1","-1.02143545661594"
"b10","g1","-0.517030400652874"
"b2","g1","0.216938774427327"
"b12","g1","0"
"e4","g1","0"
"a5","g1","0"
"d5","g1","0"
"b13","g1","0.303950151416957"
"b4","g1","0.622403882535491"
"b1","g1","0.13689606675379"
"a1","g1","0.0227827599863693"
"a3","g1","0.458100831244215"
"ant","g1","-0.268569041354374"
"f12","g1","0.303950151416957"
"e1","g1","0.156314152610892"
"b6","g1","0"
"e5","g1","1.04361734761179"
"f5","g1","-0.370847890474792"
"f13","g1","1.19776802743905"
"f38","g1","0"
"d29","g1","0"
"b8","g1","0"
"d33","g1","0"
"h1","g1","0.0139979304306366"
"g2","g1","0.952645569406068"
"c1","g1","0.559109032163177"
"f14","g1","0.216938774427327"
"i1","g1","0"
"f35","g1","0"
"zoo","g1","0.168148610257895"
"d19","g1","0"
"g1","g1","0"
"d3","g1","0.910085954987272"
"d15","g1","1.28477940442868"
"f15","g1","1.60323313554722"
"c12","g1","1.0154464706451"
"c14","g1","0"
"c5","g1","0.658771526706366"
"c13","g1","0.910085954987272"
"c4","g1","0"
"c6","g1","1.60323313554722"
"d7","g1","0"
"f55","g1","0"
"g7","g1","1.60323313554722"
"i13","g1","0"
"i5","g1","0"
"relief","g1","0"
"a14","d3","0"
"b3","d3","0"
"a24","d3","0"
"b10","d3","0"
"b2","d3","0"
"b12","d3","0"
"e4","d3","0"
"a5","d3","0"
"d5","d3","0"
"b13","d3","0"
"b4","d3","0"
"b1","d3","0"
"a1","d3","0.284459975302822"
"a3","d3","0"
"ant","d3","0"
"f12","d3","0"
"e1","d3","0"
"b6","d3","0"
"e5","d3","0"
"f5","d3","0"
"f13","d3","0"
"f38","d3","0"
"d29","d3","0"
"b8","d3","0"
"d33","d3","0"
"h1","d3","0"
"g2","d3","0"
"c1","d3","0.656483196188354"
"f14","d3","0"
"i1","d3","0"
"f35","d3","0"
"zoo","d3","2.15259242331545"
"d19","d3","0"
"g1","d3","0.910085954987272"
"d3","d3","0"
"d15","d3","0"
"f15","d3","0"
"c12","d3","0"
"c14","d3","0"
"c5","d3","0"
"c13","d3","0"
"c4","d3","0"
"c6","d3","0"
"d7","d3","0"
"f55","d3","0"
"g7","d3","0"
"i13","d3","0"
"i5","d3","0"
"relief","d3","0"
"a14","d15","0"
"b3","d15","0"
"a24","d15","0"
"b10","d15","0"
"b2","d15","0"
"b12","d15","0"
"e4","d15","0"
"a5","d15","0"
"d5","d15","0"
"b13","d15","0"
"b4","d15","0"
"b1","d15","0"
"a1","d15","-0.0339937558157125"
"a3","d15","0"
"ant","d15","0"
"f12","d15","0"
"e1","d15","0"
"b6","d15","0"
"e5","d15","0"
"f5","d15","0"
"f13","d15","0"
"f38","d15","0"
"d29","d15","0"
"b8","d15","0"
"d33","d15","0"
"h1","d15","0"
"g2","d15","1.74316691399119"
"c1","d15","0.561173016384029"
"f14","d15","0"
"i1","d15","0"
"f35","d15","0"
"zoo","d15","0"
"d19","d15","0"
"g1","d15","1.28477940442868"
"d3","d15","0"
"d15","d15","0"
"f15","d15","0"
"c12","d15","0"
"c14","d15","0"
"c5","d15","0"
"c13","d15","0"
"c4","d15","0"
"c6","d15","0"
"d7","d15","0"
"f55","d15","0"
"g7","d15","0"
"i13","d15","0"
"i5","d15","0"
"relief","d15","0"
"a14","f15","0"
"b3","f15","0"
"a24","f15","0"
"b10","f15","0"
"b2","f15","0"
"b12","f15","0"
"e4","f15","0"
"a5","f15","0"
"d5","f15","0"
"b13","f15","0"
"b4","f15","0"
"b1","f15","0"
"a1","f15","0.977607155862767"
"a3","f15","0"
"ant","f15","0"
"f12","f15","0"
"e1","f15","0"
"b6","f15","0"
"e5","f15","0"
"f5","f15","0"
"f13","f15","0"
"f38","f15","0"
"d29","f15","0"
"b8","f15","0"
"d33","f15","0"
"h1","f15","0"
"g2","f15","0"
"c1","f15","1.06194830429652"
"f14","f15","0"
"i1","f15","0"
"f35","f15","0"
"zoo","f15","0"
"d19","f15","0"
"g1","f15","1.60323313554722"
"d3","f15","0"
"d15","f15","0"
"f15","f15","0"
"c12","f15","0"
"c14","f15","0"
"c5","f15","0"
"c13","f15","0"
"c4","f15","0"
"c6","f15","0"
"d7","f15","0"
"f55","f15","0"
"g7","f15","0"
"i13","f15","0"
"i5","f15","0"
"relief","f15","0"
"a14","c12","0"
"b3","c12","0"
"a24","c12","0"
"b10","c12","0"
"b2","c12","0"
"b12","c12","0"
"e4","c12","0"
"a5","c12","0"
"d5","c12","0"
"b13","c12","0"
"b4","c12","0"
"b1","c12","0"
"a1","c12","0"
"a3","c12","0"
"ant","c12","0"
"f12","c12","0"
"e1","c12","0"
"b6","c12","0"
"e5","c12","0"
"f5","c12","0"
"f13","c12","0"
"f38","c12","0"
"d29","c12","0"
"b8","c12","0"
"d33","c12","0"
"h1","c12","0"
"g2","c12","0"
"c1","c12","1.09831594846739"
"f14","c12","0"
"i1","c12","0"
"f35","c12","0"
"zoo","c12","0"
"d19","c12","0"
"g1","c12","1.0154464706451"
"d3","c12","0"
"d15","c12","0"
"f15","c12","0"
"c12","c12","0"
"c14","c12","0"
"c5","c12","2.18896006748633"
"c13","c12","3.28757235615444"
"c4","c12","3.28757235615444"
"c6","c12","0"
"d7","c12","0"
"f55","c12","0"
"g7","c12","0"
"i13","c12","0"
"i5","c12","0"
"relief","c12","0"
"a14","c14","0"
"b3","c14","0"
"a24","c14","0"
"b10","c14","0"
"b2","c14","0"
"b12","c14","0"
"e4","c14","0"
"a5","c14","0"
"d5","c14","0"
"b13","c14","0"
"b4","c14","0"
"b1","c14","0"
"a1","c14","0"
"a3","c14","0"
"ant","c14","0"
"f12","c14","0"
"e1","c14","0"
"b6","c14","0"
"e5","c14","0"
"f5","c14","0"
"f13","c14","0"
"f38","c14","0"
"d29","c14","0"
"b8","c14","0"
"d33","c14","0"
"h1","c14","0"
"g2","c14","0"
"c1","c14","0.656483196188354"
"f14","c14","0"
"i1","c14","0"
"f35","c14","0"
"zoo","c14","0"
"d19","c14","0"
"g1","c14","0"
"d3","c14","0"
"d15","c14","0"
"f15","c14","0"
"c12","c14","0"
"c14","c14","0"
"c5","c14","0"
"c13","c14","0"
"c4","c14","0"
"c6","c14","0"
"d7","c14","0"
"f55","c14","0"
"g7","c14","0"
"i13","c14","0"
"i5","c14","0"
"relief","c14","0"
"a14","c5","0"
"b3","c5","0"
"a24","c5","0"
"b10","c5","0"
"b2","c5","0"
"b12","c5","0"
"e4","c5","0"
"a5","c5","0"
"d5","c5","0"
"b13","c5","0"
"b4","c5","0"
"b1","c5","0"
"a1","c5","-0.015644617147516"
"a3","c5","0"
"ant","c5","0"
"f12","c5","0"
"e1","c5","0"
"b6","c5","0"
"e5","c5","0"
"f5","c5","0"
"f13","c5","0"
"f38","c5","0"
"d29","c5","0"
"b8","c5","0"
"d33","c5","0"
"h1","c5","0"
"g2","c5","0"
"c1","c5","0.656483196188354"
"f14","c5","0"
"i1","c5","0"
"f35","c5","0"
"zoo","c5","0"
"d19","c5","0"
"g1","c5","0.658771526706366"
"d3","c5","0"
"d15","c5","0"
"f15","c5","0"
"c12","c5","2.18896006748633"
"c14","c5","0"
"c5","c5","0"
"c13","c5","2.30674310314271"
"c4","c5","3.10525079936048"
"c6","c5","0"
"d7","c5","3.28757235615444"
"f55","c5","0"
"g7","c5","0"
"i13","c5","0"
"i5","c5","0"
"relief","c5","0"
"a14","c13","0"
"b3","c13","0"
"a24","c13","0"
"b10","c13","0"
"b2","c13","0"
"b12","c13","0"
"e4","c13","0"
"a5","c13","0"
"d5","c13","0"
"b13","c13","0"
"b4","c13","0"
"b1","c13","0"
"a1","c13","0"
"a3","c13","0"
"ant","c13","0"
"f12","c13","0"
"e1","c13","0"
"b6","c13","0"
"e5","c13","0"
"f5","c13","0"
"f13","c13","0"
"f38","c13","0"
"d29","c13","0"
"b8","c13","0"
"d33","c13","0"
"h1","c13","0"
"g2","c13","0"
"c1","c13","1.06194830429652"
"f14","c13","0"
"i1","c13","0"
"f35","c13","0"
"zoo","c13","0"
"d19","c13","0"
"g1","c13","0.910085954987272"
"d3","c13","0"
"d15","c13","0"
"f15","c13","0"
"c12","c13","3.28757235615444"
"c14","c13","0"
"c5","c13","2.30674310314271"
"c13","c13","0"
"c4","c13","0"
"c6","c13","0"
"d7","c13","0"
"f55","c13","0"
"g7","c13","0"
"i13","c13","0"
"i5","c13","0"
"relief","c13","0"
"a14","c4","0"
"b3","c4","0"
"a24","c4","0"
"b10","c4","0"
"b2","c4","0"
"b12","c4","0"
"e4","c4","0"
"a5","c4","0"
"d5","c4","0"
"b13","c4","0"
"b4","c4","0"
"b1","c4","0"
"a1","c4","0"
"a3","c4","0"
"ant","c4","0"
"f12","c4","0"
"e1","c4","0"
"b6","c4","0"
"e5","c4","0"
"f5","c4","0"
"f13","c4","0"
"f38","c4","0"
"d29","c4","0"
"b8","c4","0"
"d33","c4","0"
"h1","c4","0"
"g2","c4","0"
"c1","c4","1.16730881995434"
"f14","c4","0"
"i1","c4","0"
"f35","c4","0"
"zoo","c4","0"
"d19","c4","0"
"g1","c4","0"
"d3","c4","0"
"d15","c4","0"
"f15","c4","0"
"c12","c4","3.28757235615444"
"c14","c4","0"
"c5","c4","3.10525079936048"
"c13","c4","0"
"c4","c4","0"
"c6","c4","0"
"d7","c4","0"
"f55","c4","0"
"g7","c4","0"
"i13","c4","0"
"i5","c4","0"
"relief","c4","0"
"a14","c6","0"
"b3","c6","0"
"a24","c6","0"
"b10","c6","0"
"b2","c6","0"
"b12","c6","0"
"e4","c6","0"
"a5","c6","0"
"d5","c6","0"
"b13","c6","0"
"b4","c6","0"
"b1","c6","0"
"a1","c6","0"
"a3","c6","0"
"ant","c6","0"
"f12","c6","0"
"e1","c6","0"
"b6","c6","0"
"e5","c6","0"
"f5","c6","0"
"f13","c6","0"
"f38","c6","0"
"d29","c6","0"
"b8","c6","0"
"d33","c6","0"
"h1","c6","0"
"g2","c6","0"
"c1","c6","0"
"f14","c6","0"
"i1","c6","0"
"f35","c6","0"
"zoo","c6","0"
"d19","c6","0"
"g1","c6","1.60323313554722"
"d3","c6","0"
"d15","c6","0"
"f15","c6","0"
"c12","c6","0"
"c14","c6","0"
"c5","c6","0"
"c13","c6","0"
"c4","c6","0"
"c6","c6","0"
"d7","c6","0"
"f55","c6","0"
"g7","c6","0"
"i13","c6","0"
"i5","c6","0"
"relief","c6","0"
"a14","d7","0"
"b3","d7","0"
"a24","d7","0"
"b10","d7","0"
"b2","d7","0"
"b12","d7","0"
"e4","d7","0"
"a5","d7","0"
"d5","d7","0"
"b13","d7","0"
"b4","d7","0"
"b1","d7","0"
"a1","d7","0"
"a3","d7","0"
"ant","d7","0"
"f12","d7","0"
"e1","d7","0"
"b6","d7","0"
"e5","d7","0"
"f5","d7","0"
"f13","d7","0"
"f38","d7","0"
"d29","d7","0"
"b8","d7","0"
"d33","d7","0"
"h1","d7","0"
"g2","d7","0"
"c1","d7","0"
"f14","d7","0"
"i1","d7","0"
"f35","d7","0"
"zoo","d7","0"
"d19","d7","0"
"g1","d7","0"
"d3","d7","0"
"d15","d7","0"
"f15","d7","0"
"c12","d7","0"
"c14","d7","0"
"c5","d7","3.28757235615444"
"c13","d7","0"
"c4","d7","0"
"c6","d7","0"
"d7","d7","0"
"f55","d7","0"
"g7","d7","0"
"i13","d7","0"
"i5","d7","0"
"relief","d7","0"
"a14","f55","0"
"b3","f55","0"
"a24","f55","0"
"b10","f55","0"
"b2","f55","0"
"b12","f55","0"
"e4","f55","0"
"a5","f55","0"
"d5","f55","0"
"b13","f55","0"
"b4","f55","0"
"b1","f55","0"
"a1","f55","0"
"a3","f55","0"
"ant","f55","0"
"f12","f55","0"
"e1","f55","0"
"b6","f55","0"
"e5","f55","0"
"f5","f55","0"
"f13","f55","0"
"f38","f55","0"
"d29","f55","0"
"b8","f55","0"
"d33","f55","0"
"h1","f55","0"
"g2","f55","0"
"c1","f55","1.3496303767483"
"f14","f55","0"
"i1","f55","0"
"f35","f55","0"
"zoo","f55","0"
"d19","f55","0"
"g1","f55","0"
"d3","f55","0"
"d15","f55","0"
"f15","f55","0"
"c12","f55","0"
"c14","f55","0"
"c5","f55","0"
"c13","f55","0"
"c4","f55","0"
"c6","f55","0"
"d7","f55","0"
"f55","f55","0"
"g7","f55","0"
"i13","f55","0"
"i5","f55","0"
"relief","f55","0"
"a14","g7","0"
"b3","g7","0"
"a24","g7","0"
"b10","g7","0"
"b2","g7","0"
"b12","g7","0"
"e4","g7","0"
"a5","g7","0"
"d5","g7","0"
"b13","g7","0"
"b4","g7","0"
"b1","g7","0"
"a1","g7","1.26528922831455"
"a3","g7","0"
"ant","g7","0"
"f12","g7","0"
"e1","g7","0"
"b6","g7","0"
"e5","g7","0"
"f5","g7","0"
"f13","g7","0"
"f38","g7","0"
"d29","g7","0"
"b8","g7","0"
"d33","g7","0"
"h1","g7","0"
"g2","g7","0"
"c1","g7","0"
"f14","g7","0"
"i1","g7","0"
"f35","g7","0"
"zoo","g7","0"
"d19","g7","0"
"g1","g7","1.60323313554722"
"d3","g7","0"
"d15","g7","0"
"f15","g7","0"
"c12","g7","0"
"c14","g7","0"
"c5","g7","0"
"c13","g7","0"
"c4","g7","0"
"c6","g7","0"
"d7","g7","0"
"f55","g7","0"
"g7","g7","0"
"i13","g7","0"
"i5","g7","0"
"relief","g7","0"
"a14","i13","0"
"b3","i13","0"
"a24","i13","0"
"b10","i13","0"
"b2","i13","0"
"b12","i13","0"
"e4","i13","0"
"a5","i13","0"
"d5","i13","0"
"b13","i13","0"
"b4","i13","0"
"b1","i13","0"
"a1","i13","0"
"a3","i13","0"
"ant","i13","0"
"f12","i13","0"
"e1","i13","0"
"b6","i13","0"
"e5","i13","0"
"f5","i13","0"
"f13","i13","0"
"f38","i13","0"
"d29","i13","0"
"b8","i13","0"
"d33","i13","0"
"h1","i13","0"
"g2","i13","0"
"c1","i13","0"
"f14","i13","0"
"i1","i13","2.36390151698266"
"f35","i13","0"
"zoo","i13","0"
"d19","i13","0"
"g1","i13","0"
"d3","i13","0"
"d15","i13","0"
"f15","i13","0"
"c12","i13","0"
"c14","i13","0"
"c5","i13","0"
"c13","i13","0"
"c4","i13","0"
"c6","i13","0"
"d7","i13","0"
"f55","i13","0"
"g7","i13","0"
"i13","i13","0"
"i5","i13","4.09850257237076"
"relief","i13","0"
"a14","i5","0"
"b3","i5","0"
"a24","i5","0"
"b10","i5","0"
"b2","i5","0"
"b12","i5","0"
"e4","i5","0"
"a5","i5","0"
"d5","i5","0"
"b13","i5","0"
"b4","i5","0"
"b1","i5","0"
"a1","i5","0"
"a3","i5","0"
"ant","i5","0"
"f12","i5","0"
"e1","i5","0"
"b6","i5","0"
"e5","i5","0"
"f5","i5","0"
"f13","i5","0"
"f38","i5","0"
"d29","i5","0"
"b8","i5","0"
"d33","i5","0"
"h1","i5","0"
"g2","i5","0"
"c1","i5","0"
"f14","i5","0"
"i1","i5","1.95843640887449"
"f35","i5","0"
"zoo","i5","0"
"d19","i5","0"
"g1","i5","0"
"d3","i5","0"
"d15","i5","0"
"f15","i5","0"
"c12","i5","0"
"c14","i5","0"
"c5","i5","0"
"c13","i5","0"
"c4","i5","0"
"c6","i5","0"
"d7","i5","0"
"f55","i5","0"
"g7","i5","0"
"i13","i5","4.09850257237076"
"i5","i5","0"
"relief","i5","0"
"a14","relief","0"
"b3","relief","0"
"a24","relief","0"
"b10","relief","0"
"b2","relief","0"
"b12","relief","0"
"e4","relief","0"
"a5","relief","0"
"d5","relief","0"
"b13","relief","0"
"b4","relief","0"
"b1","relief","0"
"a1","relief","0"
"a3","relief","0"
"ant","relief","0"
"f12","relief","0"
"e1","relief","0"
"b6","relief","0"
"e5","relief","0"
"f5","relief","0"
"f13","relief","0"
"f38","relief","0"
"d29","relief","0"
"b8","relief","0"
"d33","relief","0"
"h1","relief","1.88065870783181"
"g2","relief","0"
"c1","relief","0"
"f14","relief","0"
"i1","relief","0"
"f35","relief","0"
"zoo","relief","0"
"d19","relief","0"
"g1","relief","0"
"d3","relief","0"
"d15","relief","0"
"f15","relief","0"
"c12","relief","0"
"c14","relief","0"
"c5","relief","0"
"c13","relief","0"
"c4","relief","0"
"c6","relief","0"
"d7","relief","0"
"f55","relief","0"
"g7","relief","0"
"i13","relief","0"
"i5","relief","0"
"relief","relief","0"
