"Skipgram","Chronology","Frequency","PMI","label_4dp"
"C4 C5 C12","Ertebølle",3,"6.57514471230887","6.5751"
"C1 C4 C12","Ertebølle",3,"4.63720273290274","4.6372"
"C1 C4 C5","Ertebølle",5,"4.45488117610878","4.4549"
"A24 D5 ANT","Kongemose",1,"4.35285956171647","4.3529"
"C1 C12 C13","Ertebølle",3,"4.34952066045095","4.3495"
"A24 B12 ANT","Kongemose",1,"4.17053800492251","4.1705"
"A1 D5 ANT","Kongemose",1,"3.96199325302946","3.9620"
"E1 F5 F12","Kongemose",3,"3.94672578089867","3.9467"
"F12 F13 G1","Ertebølle",1,"3.59152250757139","3.5915"
"C1 C5 C12","Ertebølle",3,"3.53859044423462","3.5386"
"A1 B12 ANT","Kongemose",1,"3.49198962378372","3.4920"
"B4 C1 F12","Kongemose",2,"3.45570278442886","3.4557"
"D15 G1 G2","Ertebølle",2,"3.34640004953841","3.3464"
"C1 F12 F13","Ertebølle",1,"3.33791974877247","3.3379"
"A1 D33 H1","Kongemose",3,"3.04058742048853","3.0406"
"C1 E1 F14","Kongemose",2,"3.02038471317101","3.0204"
"A1 A24 D5","Kongemose",2,"2.98598328645368","2.9860"
"A1 E1 F14","Kongemose",2,"2.93604356473726","2.9360"
"A1 G1 G7","Ertebølle",3,"2.86852236386177","2.8685"
"B10 F5 F12","Kongemose",2,"2.86791611952674","2.8679"
"A1 B10 B12","Ertebølle",1,"2.83806315637706","2.8381"
"C1 F15 G1","Ertebølle",2,"2.66518143984374","2.6652"
"B2 B10 F5","Kongemose",2,"2.62675406270985","2.6268"
