"option","panel","code","relation","value","title"
"branching","left-top","p","precedes",0,"Basic branching relations"
"branching","left-top","m","meets",0,"Basic branching relations"
"branching","left-top","o","overlaps",1,"Basic branching relations"
"branching","left-top","F","finished by",1,"Basic branching relations"
"branching","left-top","s","starts",0,"Basic branching relations"
"branching","left-top","D","contains",1,"Basic branching relations"
"branching","left-top","e","equals",0,"Basic branching relations"
"branching","left-top","d","during",1,"Basic branching relations"
"branching","left-top","S","started by",0,"Basic branching relations"
"branching","left-top","f","finishes",1,"Basic branching relations"
"branching","left-top","O","overlapped by",1,"Basic branching relations"
"branching","left-top","M","met by",0,"Basic branching relations"
"branching","left-top","P","preceded by",0,"Basic branching relations"
"transformation","left-middle","p","precedes",0,"Basic transformation relations"
"transformation","left-middle","m","meets",1,"Basic transformation relations"
"transformation","left-middle","o","overlaps",0,"Basic transformation relations"
"transformation","left-middle","F","finished by",0,"Basic transformation relations"
"transformation","left-middle","s","starts",0,"Basic transformation relations"
"transformation","left-middle","D","contains",0,"Basic transformation relations"
"transformation","left-middle","e","equals",0,"Basic transformation relations"
"transformation","left-middle","d","during",0,"Basic transformation relations"
"transformation","left-middle","S","started by",0,"Basic transformation relations"
"transformation","left-middle","f","finishes",0,"Basic transformation relations"
"transformation","left-middle","O","overlapped by",0,"Basic transformation relations"
"transformation","left-middle","M","met by",1,"Basic transformation relations"
"transformation","left-middle","P","preceded by",0,"Basic transformation relations"
"reticulation","left-bottom","p","precedes",0,"Basic reticulation relations"
"reticulation","left-bottom","m","meets",1,"Basic reticulation relations"
"reticulation","left-bottom","o","overlaps",1,"Basic reticulation relations"
"reticulation","left-bottom","F","finished by",1,"Basic reticulation relations"
"reticulation","left-bottom","s","starts",0,"Basic reticulation relations"
"reticulation","left-bottom","D","contains",1,"Basic reticulation relations"
"reticulation","left-bottom","e","equals",0,"Basic reticulation relations"
"reticulation","left-bottom","d","during",1,"Basic reticulation relations"
"reticulation","left-bottom","S","started by",0,"Basic reticulation relations"
"reticulation","left-bottom","f","finishes",1,"Basic reticulation relations"
"reticulation","left-bottom","O","overlapped by",1,"Basic reticulation relations"
"reticulation","left-bottom","M","met by",1,"Basic reticulation relations"
"reticulation","left-bottom","P","preceded by",0,"Basic reticulation relations"
"branch","right-top","p","precedes",1,"Composite branching relation"
"branch","right-top","m","meets",1,"Composite branching relation"
"branch","right-top","o","overlaps",1,"Composite branching relation"
"branch","right-top","F","finished by",1,"Composite branching relation"
"branch","right-top","s","starts",1,"Composite branching relation"
"branch","right-top","D","contains",1,"Composite branching relation"
"branch","right-top","e","equals",1,"Composite branching relation"
"branch","right-top","d","during",1,"Composite branching relation"
"branch","right-top","S","started by",1,"Composite branching relation"
"branch","right-top","f","finishes",1,"Composite branching relation"
"branch","right-top","O","overlapped by",1,"Composite branching relation"
"branch","right-top","M","met by",1,"Composite branching relation"
"branch","right-top","P","preceded by",1,"Composite branching relation"
"transform","right-middle","p","precedes",1,"Composite transformation relation"
"transform","right-middle","m","meets",0,"Composite transformation relation"
"transform","right-middle","o","overlaps",0,"Composite transformation relation"
"transform","right-middle","F","finished by",0,"Composite transformation relation"
"transform","right-middle","s","starts",0,"Composite transformation relation"
"transform","right-middle","D","contains",0,"Composite transformation relation"
"transform","right-middle","e","equals",0,"Composite transformation relation"
"transform","right-middle","d","during",0,"Composite transformation relation"
"transform","right-middle","S","started by",0,"Composite transformation relation"
"transform","right-middle","f","finishes",0,"Composite transformation relation"
"transform","right-middle","O","overlapped by",0,"Composite transformation relation"
"transform","right-middle","M","met by",0,"Composite transformation relation"
"transform","right-middle","P","preceded by",0,"Composite transformation relation"
"reticulate","right-bottom","p","precedes",0,"Composite reticulation relation"
"reticulate","right-bottom","m","meets",0,"Composite reticulation relation"
"reticulate","right-bottom","o","overlaps",1,"Composite reticulation relation"
"reticulate","right-bottom","F","finished by",1,"Composite reticulation relation"
"reticulate","right-bottom","s","starts",1,"Composite reticulation relation"
"reticulate","right-bottom","D","contains",1,"Composite reticulation relation"
"reticulate","right-bottom","e","equals",1,"Composite reticulation relation"
"reticulate","right-bottom","d","during",1,"Composite reticulation relation"
"reticulate","right-bottom","S","started by",1,"Composite reticulation relation"
"reticulate","right-bottom","f","finishes",1,"Composite reticulation relation"
"reticulate","right-bottom","O","overlapped by",1,"Composite reticulation relation"
"reticulate","right-bottom","M","met by",0,"Composite reticulation relation"
"reticulate","right-bottom","P","preceded by",0,"Composite reticulation relation"
