"panel","code","relation","value","title"
"top","p","precedes",1,"Basic Allen relations"
"top","m","meets",1,"Basic Allen relations"
"top","o","overlaps",1,"Basic Allen relations"
"top","F","finished by",1,"Basic Allen relations"
"top","s","starts",1,"Basic Allen relations"
"top","D","contains",1,"Basic Allen relations"
"top","e","equals",1,"Basic Allen relations"
"top","d","during",1,"Basic Allen relations"
"top","S","started by",1,"Basic Allen relations"
"top","f","finishes",1,"Basic Allen relations"
"top","O","overlapped by",1,"Basic Allen relations"
"top","M","met by",1,"Basic Allen relations"
"top","P","preceded by",1,"Basic Allen relations"
"bottom","p","precedes",0,"BE1-Dghnt(e)BE1-Dghnt"
"bottom","m","meets",0,"BE1-Dghnt(e)BE1-Dghnt"
"bottom","o","overlaps",0,"BE1-Dghnt(e)BE1-Dghnt"
"bottom","F","finished by",0,"BE1-Dghnt(e)BE1-Dghnt"
"bottom","s","starts",0,"BE1-Dghnt(e)BE1-Dghnt"
"bottom","D","contains",0,"BE1-Dghnt(e)BE1-Dghnt"
"bottom","e","equals",1,"BE1-Dghnt(e)BE1-Dghnt"
"bottom","d","during",0,"BE1-Dghnt(e)BE1-Dghnt"
"bottom","S","started by",0,"BE1-Dghnt(e)BE1-Dghnt"
"bottom","f","finishes",0,"BE1-Dghnt(e)BE1-Dghnt"
"bottom","O","overlapped by",0,"BE1-Dghnt(e)BE1-Dghnt"
"bottom","M","met by",0,"BE1-Dghnt(e)BE1-Dghnt"
"bottom","P","preceded by",0,"BE1-Dghnt(e)BE1-Dghnt"
