"earlier","later","section","probability"
"BE1-Reticella","BE1-Disc","10-1",0.999166666666667
"BE1-Melon","BE1-Disc","10-1",0.999666666666667
"BE1-Reticella","BE1-WhSpiral","10-1",0.7605
"BE1-Melon","BE1-WhSpiral","10-1",0.821833333333333
"BE1-Reticella","BE1-WoundSp","10-1",0.5425
"BE1-Melon","BE1-WoundSp","10-1",0.6295
"BE1-Reticella","BE1-Dghnt","10-1",0.451
"BE1-Melon","BE1-Dghnt","10-1",0.559666666666667
"BE1-Reticella","BE1-Amethyst","10-1",0.447833333333333
"BE1-Melon","BE1-Amethyst","10-1",0.5535
"BE1-Reticella","BE1-Cowrie","10-1",0.3955
"BE1-Melon","BE1-Cowrie","10-1",0.5055
"BE1-Reticella","BE1-Orange","10-1",0.0326666666666667
"BE1-Melon","BE1-Orange","10-1",0.065
"BE1-Reticella","BE2-c Metal","10-1",0.00933333333333333
"BE1-Melon","BE2-c Metal","10-1",0.0273333333333333
"BE1-DotReg","BE1-Disc","10-2",0.193833333333333
"BE1-DotReg","BE1-WhSpiral","10-2",0
"BE1-DotReg","BE1-WoundSp","10-2",0
"BE1-DotReg","BE1-Dghnt","10-2",0
"BE1-DotReg","BE1-Amethyst","10-2",0
"BE1-DotReg","BE1-Cowrie","10-2",0
"BE1-DotReg","BE1-Orange","10-2",0
"BE1-Koch20Ye","BE1-Disc","10-3",0.986
"BE1-Koch20Ye","BE1-WhSpiral","10-3",0.168333333333333
"BE1-Koch20Ye","BE1-WoundSp","10-3",0.0516666666666667
"BE1-Koch20Ye","BE1-Dghnt","10-3",0.0146666666666667
"BE1-Koch20Ye","BE1-Amethyst","10-3",0.014
"BE1-CylPen","BE1-Disc","10-4",0.987666666666667
"BE1-Koch20Wh","BE1-Disc","10-4",0.987333333333333
"BE1-Koch49/50","BE1-Disc","10-4",0.9975
"BE1-CylPen","BE1-WhSpiral","10-4",0.299666666666667
"BE1-Koch20Wh","BE1-WhSpiral","10-4",0.267666666666667
"BE1-Koch49/50","BE1-WhSpiral","10-4",0.674833333333333
"BE1-CylPen","BE1-WoundSp","10-4",0.12
"BE1-Koch20Wh","BE1-WoundSp","10-4",0.100166666666667
"BE1-Koch49/50","BE1-WoundSp","10-4",0.458
"BE1-CylPen","BE1-Dghnt","10-4",0.053
"BE1-Koch20Wh","BE1-Dghnt","10-4",0.0388333333333333
"BE1-Koch49/50","BE1-Dghnt","10-4",0.369666666666667
"BE1-Koch34Wh","BE1-Disc","10-5",0.933
"BE1-Koch34Ye","BE1-Disc","10-5",0.9895
"BE1-Koch34Wh","BE1-WhSpiral","10-5",0.0325
"BE1-Koch34Ye","BE1-WhSpiral","10-5",0.164333333333333
"BE1-Koch34Wh","BE1-Dghnt","10-5",0.000833333333333333
"BE1-Koch34Ye","BE1-Dghnt","10-5",0.0146666666666667
"BE1-Dot34","BE1-Disc","10-6",0.987666666666667
"BE1-Dot34","BE1-Dghnt","10-6",0.049
"BE1-CylRound","BE1-Disc","10-7",0.984666666666667
"BE1-SegGlob","BE1-Disc","10-8",0.987833333333333
"BE1-Orange","BE1-Disc","10-9",0.646
"BE1-WhSpiral","BE1-Disc","10-9",0.384166666666667
"BE2-c Metal","BE1-Disc","10-9",0.652666666666667
"BE1-Koch34Bl","BE1-Disc","10-9",0.937833333333333
