"section","outcome","seconds","message"
"section-03-replicability.R","not-executed",0,"missing inputs: data/beads-0.csv, data/beads-2.csv, data/beads-3.csv, data/beads-4.csv"
"section-04-occurrence-plot.R","error",1,"undefined columns selected"
"section-05-bead-classification.R","ok",0,""
"section-07-stable-branching.R","ok",1.4,""
"section-08-monochrome-branching.R","ok",4.8,""
"section-09-dghnt-reticulation.R","ok",2,""
"section-10-1-row-1.R","ok",7.6,""
"section-10-2-row-2.R","ok",5,""
"section-10-3-row-3.R","ok",2.7,""
"section-10-4-row-4.R","ok",3.3,""
"section-10-5-row-5.R","ok",1.8,""
"section-10-6-row-6.R","ok",0.6,""
"section-10-7-row-7.R","ok",0.3,""
"section-10-8-row-8.R","ok",0.4,""
"section-10-9-row-9.R","ok",1.8,""
"section-06-tempo-plot.R","ok",17.6,""
