"option","panel","code","relation","value","title","published_member","reproduced_member","match"
"branching","left-top","p","precedes",0,"Basic branching relations",0,0,"EXACT"
"branching","left-top","m","meets",0,"Basic branching relations",0,0,"EXACT"
"branching","left-top","o","overlaps",1,"Basic branching relations",1,1,"EXACT"
"branching","left-top","F","finished by",1,"Basic branching relations",1,1,"EXACT"
"branching","left-top","s","starts",0,"Basic branching relations",0,0,"EXACT"
"branching","left-top","D","contains",1,"Basic branching relations",1,1,"EXACT"
"branching","left-top","e","equals",0,"Basic branching relations",0,0,"EXACT"
"branching","left-top","d","during",1,"Basic branching relations",1,1,"EXACT"
"branching","left-top","S","started by",0,"Basic branching relations",0,0,"EXACT"
"branching","left-top","f","finishes",1,"Basic branching relations",1,1,"EXACT"
"branching","left-top","O","overlapped by",1,"Basic branching relations",1,1,"EXACT"
"branching","left-top","M","met by",0,"Basic branching relations",0,0,"EXACT"
"branching","left-top","P","preceded by",0,"Basic branching relations",0,0,"EXACT"
"transformation","left-middle","p","precedes",0,"Basic transformation relations",0,0,"EXACT"
"transformation","left-middle","m","meets",1,"Basic transformation relations",1,1,"EXACT"
"transformation","left-middle","o","overlaps",0,"Basic transformation relations",0,0,"EXACT"
"transformation","left-middle","F","finished by",0,"Basic transformation relations",0,0,"EXACT"
"transformation","left-middle","s","starts",0,"Basic transformation relations",0,0,"EXACT"
"transformation","left-middle","D","contains",0,"Basic transformation relations",0,0,"EXACT"
"transformation","left-middle","e","equals",0,"Basic transformation relations",0,0,"EXACT"
"transformation","left-middle","d","during",0,"Basic transformation relations",0,0,"EXACT"
"transformation","left-middle","S","started by",0,"Basic transformation relations",0,0,"EXACT"
"transformation","left-middle","f","finishes",0,"Basic transformation relations",0,0,"EXACT"
"transformation","left-middle","O","overlapped by",0,"Basic transformation relations",0,0,"EXACT"
"transformation","left-middle","M","met by",1,"Basic transformation relations",1,1,"EXACT"
"transformation","left-middle","P","preceded by",0,"Basic transformation relations",0,0,"EXACT"
"reticulation","left-bottom","p","precedes",0,"Basic reticulation relations",0,0,"EXACT"
"reticulation","left-bottom","m","meets",1,"Basic reticulation relations",1,1,"EXACT"
"reticulation","left-bottom","o","overlaps",1,"Basic reticulation relations",1,1,"EXACT"
"reticulation","left-bottom","F","finished by",1,"Basic reticulation relations",1,1,"EXACT"
"reticulation","left-bottom","s","starts",0,"Basic reticulation relations",0,0,"EXACT"
"reticulation","left-bottom","D","contains",1,"Basic reticulation relations",1,1,"EXACT"
"reticulation","left-bottom","e","equals",0,"Basic reticulation relations",0,0,"EXACT"
"reticulation","left-bottom","d","during",1,"Basic reticulation relations",1,1,"EXACT"
"reticulation","left-bottom","S","started by",0,"Basic reticulation relations",0,0,"EXACT"
"reticulation","left-bottom","f","finishes",1,"Basic reticulation relations",1,1,"EXACT"
"reticulation","left-bottom","O","overlapped by",1,"Basic reticulation relations",1,1,"EXACT"
"reticulation","left-bottom","M","met by",1,"Basic reticulation relations",1,1,"EXACT"
"reticulation","left-bottom","P","preceded by",0,"Basic reticulation relations",0,0,"EXACT"
"branch","right-top","p","precedes",1,"Composite branching relation",1,1,"EXACT"
"branch","right-top","m","meets",1,"Composite branching relation",1,1,"EXACT"
"branch","right-top","o","overlaps",1,"Composite branching relation",1,1,"EXACT"
"branch","right-top","F","finished by",1,"Composite branching relation",1,1,"EXACT"
"branch","right-top","s","starts",1,"Composite branching relation",1,1,"EXACT"
"branch","right-top","D","contains",1,"Composite branching relation",1,1,"EXACT"
"branch","right-top","e","equals",1,"Composite branching relation",1,1,"EXACT"
"branch","right-top","d","during",1,"Composite branching relation",1,1,"EXACT"
"branch","right-top","S","started by",1,"Composite branching relation",1,1,"EXACT"
"branch","right-top","f","finishes",1,"Composite branching relation",1,1,"EXACT"
"branch","right-top","O","overlapped by",1,"Composite branching relation",1,1,"EXACT"
"branch","right-top","M","met by",1,"Composite branching relation",1,1,"EXACT"
"branch","right-top","P","preceded by",1,"Composite branching relation",1,1,"EXACT"
"transform","right-middle","p","precedes",1,"Composite transformation relation",1,1,"EXACT"
"transform","right-middle","m","meets",0,"Composite transformation relation",0,0,"EXACT"
"transform","right-middle","o","overlaps",0,"Composite transformation relation",0,0,"EXACT"
"transform","right-middle","F","finished by",0,"Composite transformation relation",0,0,"EXACT"
"transform","right-middle","s","starts",0,"Composite transformation relation",0,0,"EXACT"
"transform","right-middle","D","contains",0,"Composite transformation relation",0,0,"EXACT"
"transform","right-middle","e","equals",0,"Composite transformation relation",0,0,"EXACT"
"transform","right-middle","d","during",0,"Composite transformation relation",0,0,"EXACT"
"transform","right-middle","S","started by",0,"Composite transformation relation",0,0,"EXACT"
"transform","right-middle","f","finishes",0,"Composite transformation relation",0,0,"EXACT"
"transform","right-middle","O","overlapped by",0,"Composite transformation relation",0,0,"EXACT"
"transform","right-middle","M","met by",0,"Composite transformation relation",0,0,"EXACT"
"transform","right-middle","P","preceded by",0,"Composite transformation relation",0,0,"EXACT"
"reticulate","right-bottom","p","precedes",0,"Composite reticulation relation",0,0,"EXACT"
"reticulate","right-bottom","m","meets",0,"Composite reticulation relation",0,0,"EXACT"
"reticulate","right-bottom","o","overlaps",1,"Composite reticulation relation",1,1,"EXACT"
"reticulate","right-bottom","F","finished by",1,"Composite reticulation relation",1,1,"EXACT"
"reticulate","right-bottom","s","starts",1,"Composite reticulation relation",1,1,"EXACT"
"reticulate","right-bottom","D","contains",1,"Composite reticulation relation",1,1,"EXACT"
"reticulate","right-bottom","e","equals",1,"Composite reticulation relation",1,1,"EXACT"
"reticulate","right-bottom","d","during",1,"Composite reticulation relation",1,1,"EXACT"
"reticulate","right-bottom","S","started by",1,"Composite reticulation relation",1,1,"EXACT"
"reticulate","right-bottom","f","finishes",1,"Composite reticulation relation",1,1,"EXACT"
"reticulate","right-bottom","O","overlapped by",1,"Composite reticulation relation",1,1,"EXACT"
"reticulate","right-bottom","M","met by",0,"Composite reticulation relation",0,0,"EXACT"
"reticulate","right-bottom","P","preceded by",0,"Composite reticulation relation",0,0,"EXACT"
