"bead_type","panel_label","n_dates","first_event_year","median_event_year","last_event_year","text_shape_class","published_panel_present"
"BE3.Amber","BE3-Amber",40,433,560,694,"early (paper p.12)",TRUE
"BE1.ConSeg","BE1-ConSeg",5,493,540,579,"not classified in text",TRUE
"BE1.CylRound","BE1-CylRound",15,442,559,641,"early (paper p.12)",TRUE
"BE1.CylPen","BE1-CylPen",8,452,542,630,"early (paper p.12)",TRUE
"BE1.Koch34Wh","BE1-Koch34Wh",15,442,568,651,"early (paper p.12)",TRUE
"BE1.Koch20Ye","BE1-Koch20Ye",12,452,579,640,"early (paper p.12)",TRUE
"BE1.Reticella","BE1-Reticella",7,467,549,594,"early (paper p.12)",TRUE
"BE1.Koch20Wh","BE1-Koch20Wh",6,522,575,634,"early (paper p.12)",TRUE
"BE1.Dot34","BE1-Dot34",7,461,556,631,"early (paper p.12)",TRUE
"BE1.Koch34Bl","BE1-Koch34Bl",15,450,588,650,"early (paper p.12)",TRUE
"BE1.Koch49.50","BE1-Koch49/50",3,513,542,599,"early (paper p.12)",TRUE
"BE1.Koch34Ye","BE1-Koch34Ye",8,487,577,640,"early (paper p.12)",TRUE
"BE1.DotReg","BE1-DotReg",5,491,580,679,"early (paper p.12)",TRUE
"BE1.SegGlob","BE1-SegGlob",3,552,590,632,"not classified in text",TRUE
"BE2.c.Metal","BE2-c Metal",6,548,589,661,"early (paper p.12)",TRUE
"BE1.Orange","BE1-Orange",9,553,626,661,"late (paper p.12-14)",TRUE
"BE1.Cowrie","BE1-Cowrie",9,585,643,756,"late (paper p.12-14)",TRUE
"BE1.WoundSp","BE1-WoundSp",13,596,663,765,"late (paper p.12-14)",TRUE
"BE1.Dghnt","BE1-Dghnt",9,590,654,756,"late (paper p.12-14)",TRUE
"BE1.Amethyst","BE1-Amethyst",7,589,646,743,"late (paper p.12-14)",TRUE
"BE1.Disc","BE1-Disc",3,665,678,756,"late (paper p.12-14)",TRUE
"BE1.Melon","BE1-Melon",9,442,535,589,"early (paper p.12)",TRUE
"BE1.WhSpiral","BE1-WhSpiral",2,615,652,670,"not classified in text",TRUE
