"bead_type","fig6_lower_box_bar_year","fig6_upper_box_bar_year","fig6_lower_box_centre_approx","fig6_upper_box_centre_approx","first_event_year","median_event_year","last_event_year","diff_lower_vs_first","diff_upper_vs_last"
"BE1.Amethyst",565,680,587,702,589,646,743,-2,-41
"BE1.Cowrie",560,692,582,714,585,643,756,-3,-42
"BE1.CylPen",433,607,455,629,452,542,630,3,-1
"BE1.CylRound",435,627,457,649,442,559,641,15,8
"BE1.Dghnt",573,706,595,728,590,654,756,5,-28
"BE1.Disc",690,720,712,742,665,678,756,47,-14
"BE1.Melon",433,573,455,595,442,535,589,13,6
"BE1.Orange",498,672,520,694,553,626,661,-33,33
"BE1.SegGlob",527,630,549,652,552,590,632,-3,20
"BE1.WoundSp",579,709,601,731,596,663,765,5,-34
"BE3.Amber",NA,NA,430,703,433,560,694,-3,9
