"ancestor_row","descendant_col","p_oFD_unrounded","p_oFD_round2","equals_published_0_87"
"BE1-Cowrie","BE1-Amethyst",0.2165,0.22,FALSE
"BE1-Disc","BE1-Amethyst",0.000833333333333333,0,FALSE
"BE3-Amber","BE1-Amethyst",1,1,FALSE
"BE1-Amethyst","BE1-Cowrie",0.0313333333333333,0.03,FALSE
"BE1-Disc","BE1-Cowrie",0,0,FALSE
"BE3-Amber","BE1-Cowrie",1,1,FALSE
"BE1-Amethyst","BE1-Disc",0.867166666666667,0.87,TRUE
"BE1-Cowrie","BE1-Disc",0.999666666666667,1,FALSE
"BE3-Amber","BE1-Disc",0.8325,0.83,FALSE
"BE1-Amethyst","BE3-Amber",0,0,FALSE
"BE1-Cowrie","BE3-Amber",0,0,FALSE
"BE1-Disc","BE3-Amber",0,0,FALSE
