"bin","unrounded_right_closed","unrounded_left_closed","round2_right_closed","round2_left_closed","published_bar_height","match_planned_method","match_round2_right_closed"
"[0,0.1]",19,19,20,19,20,"DIFFERENT","EXACT"
"(0.1,0.2]",5,5,4,5,4,"DIFFERENT","EXACT"
"(0.2,0.3]",2,2,2,2,2,"EXACT","EXACT"
"(0.3,0.4]",3,3,3,2,3,"EXACT","EXACT"
"(0.4,0.5]",3,3,3,4,3,"EXACT","EXACT"
"(0.5,0.6]",4,4,4,4,4,"EXACT","EXACT"
"(0.6,0.7]",4,4,4,4,4,"EXACT","EXACT"
"(0.7,0.8]",1,1,1,1,1,"EXACT","EXACT"
"(0.8,0.9]",1,1,1,1,1,"EXACT","EXACT"
"(0.9,1]",12,12,12,12,12,"EXACT","EXACT"
