target_id,item,kind,section,row,col,published,source
T05,BE3-Amber(oFD)BE1-Amethyst,cell,07,BE3-Amber,BE1-Amethyst,1,"Paper p.16 l.371-374 ('always satisfies')"
T05,BE3-Amber(oFD)BE1-Cowrie,cell,07,BE3-Amber,BE1-Cowrie,1,"Paper p.16 l.371-374 ('always satisfies')"
T06,BE1-Cowrie(oFD)BE1-Disc,cell,07,BE1-Cowrie,BE1-Disc,0.87,"Paper p.16 l.374-376"
T12,BE1-Reticella(p)BE1-Disc,cell,10-1,BE1-Reticella,BE1-Disc,1,Supplement Table 2
T12,BE1-Reticella(p)BE1-WhSpiral,cell,10-1,BE1-Reticella,BE1-WhSpiral,0.76,Supplement Table 2
T12,BE1-Reticella(p)BE1-WoundSp,cell,10-1,BE1-Reticella,BE1-WoundSp,0.54,Supplement Table 2
T12,BE1-Reticella(p)BE1-Dghnt,cell,10-1,BE1-Reticella,BE1-Dghnt,0.45,Supplement Table 2
T12,BE1-Reticella(p)BE1-Amethyst,cell,10-1,BE1-Reticella,BE1-Amethyst,0.45,Supplement Table 2
T12,BE1-Reticella(p)BE1-Cowrie,cell,10-1,BE1-Reticella,BE1-Cowrie,0.4,Supplement Table 2
T12,BE1-Reticella(p)BE1-Orange,cell,10-1,BE1-Reticella,BE1-Orange,0.03,Supplement Table 2
T12,BE1-Reticella(p)BE2-c Metal,cell,10-1,BE1-Reticella,BE2-c Metal,0.01,Supplement Table 2
T12,BE1-Melon(p)BE1-Disc,cell,10-1,BE1-Melon,BE1-Disc,1,Supplement Table 2
T12,BE1-Melon(p)BE1-WhSpiral,cell,10-1,BE1-Melon,BE1-WhSpiral,0.82,Supplement Table 2
T12,BE1-Melon(p)BE1-WoundSp,cell,10-1,BE1-Melon,BE1-WoundSp,0.63,Supplement Table 2
T12,BE1-Melon(p)BE1-Dghnt,cell,10-1,BE1-Melon,BE1-Dghnt,0.56,Supplement Table 2
T12,BE1-Melon(p)BE1-Amethyst,cell,10-1,BE1-Melon,BE1-Amethyst,0.55,Supplement Table 2
T12,BE1-Melon(p)BE1-Cowrie,cell,10-1,BE1-Melon,BE1-Cowrie,0.51,Supplement Table 2
T12,BE1-Melon(p)BE1-Orange,cell,10-1,BE1-Melon,BE1-Orange,0.06,Supplement Table 2
T12,BE1-Melon(p)BE2-c Metal,cell,10-1,BE1-Melon,BE2-c Metal,0.03,Supplement Table 2
T13,BE1-DotReg(p)BE1-Disc,cell,10-2,BE1-DotReg,BE1-Disc,0.19,Supplement Table 3
T13,BE1-DotReg(p)BE1-WhSpiral,cell,10-2,BE1-DotReg,BE1-WhSpiral,0,Supplement Table 3
T13,BE1-DotReg(p)BE1-WoundSp,cell,10-2,BE1-DotReg,BE1-WoundSp,0,Supplement Table 3
T13,BE1-DotReg(p)BE1-Dghnt,cell,10-2,BE1-DotReg,BE1-Dghnt,0,Supplement Table 3
T13,BE1-DotReg(p)BE1-Amethyst,cell,10-2,BE1-DotReg,BE1-Amethyst,0,Supplement Table 3
T13,BE1-DotReg(p)BE1-Cowrie,cell,10-2,BE1-DotReg,BE1-Cowrie,0,Supplement Table 3
T13,BE1-DotReg(p)BE1-Orange,cell,10-2,BE1-DotReg,BE1-Orange,0,Supplement Table 3
T14,BE1-Koch20Ye(p)BE1-Disc,cell,10-3,BE1-Koch20Ye,BE1-Disc,0.99,Supplement Table 4
T14,BE1-Koch20Ye(p)BE1-WhSpiral,cell,10-3,BE1-Koch20Ye,BE1-WhSpiral,0.17,Supplement Table 4
T14,BE1-Koch20Ye(p)BE1-WoundSp,cell,10-3,BE1-Koch20Ye,BE1-WoundSp,0.05,Supplement Table 4
T14,BE1-Koch20Ye(p)BE1-Dghnt,cell,10-3,BE1-Koch20Ye,BE1-Dghnt,0.01,Supplement Table 4
T14,BE1-Koch20Ye(p)BE1-Amethyst,cell,10-3,BE1-Koch20Ye,BE1-Amethyst,0.01,Supplement Table 4
T15,BE1-CylPen(p)BE1-Disc,cell,10-4,BE1-CylPen,BE1-Disc,0.99,Supplement Table 5
T15,BE1-CylPen(p)BE1-WhSpiral,cell,10-4,BE1-CylPen,BE1-WhSpiral,0.3,Supplement Table 5
T15,BE1-CylPen(p)BE1-WoundSp,cell,10-4,BE1-CylPen,BE1-WoundSp,0.12,Supplement Table 5
T15,BE1-CylPen(p)BE1-Dghnt,cell,10-4,BE1-CylPen,BE1-Dghnt,0.05,Supplement Table 5
T15,BE1-Koch20Wh(p)BE1-Disc,cell,10-4,BE1-Koch20Wh,BE1-Disc,0.99,Supplement Table 5
T15,BE1-Koch20Wh(p)BE1-WhSpiral,cell,10-4,BE1-Koch20Wh,BE1-WhSpiral,0.27,Supplement Table 5
T15,BE1-Koch20Wh(p)BE1-WoundSp,cell,10-4,BE1-Koch20Wh,BE1-WoundSp,0.1,Supplement Table 5
T15,BE1-Koch20Wh(p)BE1-Dghnt,cell,10-4,BE1-Koch20Wh,BE1-Dghnt,0.04,Supplement Table 5
T15,BE1-Koch49/50(p)BE1-Disc,cell,10-4,BE1-Koch49/50,BE1-Disc,1,Supplement Table 5
T15,BE1-Koch49/50(p)BE1-WhSpiral,cell,10-4,BE1-Koch49/50,BE1-WhSpiral,0.67,Supplement Table 5
T15,BE1-Koch49/50(p)BE1-WoundSp,cell,10-4,BE1-Koch49/50,BE1-WoundSp,0.46,Supplement Table 5
T15,BE1-Koch49/50(p)BE1-Dghnt,cell,10-4,BE1-Koch49/50,BE1-Dghnt,0.37,Supplement Table 5
T16,BE1-Koch34Wh(p)BE1-Disc,cell,10-5,BE1-Koch34Wh,BE1-Disc,0.93,Supplement Table 6
T16,BE1-Koch34Wh(p)BE1-WhSpiral,cell,10-5,BE1-Koch34Wh,BE1-WhSpiral,0.03,Supplement Table 6
T16,BE1-Koch34Wh(p)BE1-Dghnt,cell,10-5,BE1-Koch34Wh,BE1-Dghnt,0,Supplement Table 6
T16,BE1-Koch34Ye(p)BE1-Disc,cell,10-5,BE1-Koch34Ye,BE1-Disc,0.99,Supplement Table 6
T16,BE1-Koch34Ye(p)BE1-WhSpiral,cell,10-5,BE1-Koch34Ye,BE1-WhSpiral,0.16,Supplement Table 6
T16,BE1-Koch34Ye(p)BE1-Dghnt,cell,10-5,BE1-Koch34Ye,BE1-Dghnt,0.01,Supplement Table 6
T17,BE1-Dot34(p)BE1-Disc,cell,10-6,BE1-Dot34,BE1-Disc,0.99,Supplement Table 7
T17,BE1-Dot34(p)BE1-Dghnt,cell,10-6,BE1-Dot34,BE1-Dghnt,0.05,Supplement Table 7
T18,BE1-CylRound(p)BE1-Disc,cell,10-7,BE1-CylRound,BE1-Disc,0.98,Supplement Table 8
T19,BE1-SegGlob(p)BE1-Disc,cell,10-8,BE1-SegGlob,BE1-Disc,0.99,Supplement Table 9
T20,BE1-Orange(p)BE1-Disc,cell,10-9,BE1-Orange,BE1-Disc,0.65,Supplement Table 10
T20,BE1-WhSpiral(p)BE1-Disc,cell,10-9,BE1-WhSpiral,BE1-Disc,0.38,Supplement Table 10
T20,BE2-c Metal(p)BE1-Disc,cell,10-9,BE2-c Metal,BE1-Disc,0.65,Supplement Table 10
T20,BE1-Koch34Bl(p)BE1-Disc,cell,10-9,BE1-Koch34Bl,BE1-Disc,0.94,Supplement Table 10
T24,row 1: minimum of the 16 relations,min,10-1,BE1-Reticella|BE1-Melon,BE1-Disc|BE1-WhSpiral|BE1-WoundSp|BE1-Dghnt|BE1-Amethyst|BE1-Cowrie|BE1-Orange|BE2-c Metal,0.01,Supplement p.37 text
T24,row 1: maximum of the 16 relations,max,10-1,BE1-Reticella|BE1-Melon,BE1-Disc|BE1-WhSpiral|BE1-WoundSp|BE1-Dghnt|BE1-Amethyst|BE1-Cowrie|BE1-Orange|BE2-c Metal,1.00,Supplement p.37 text
T24,BE1-Disc certainly preceded by BE1-Reticella,cell,10-1,BE1-Reticella,BE1-Disc,1,Supplement p.37 text ('certainly')
T24,BE1-Disc certainly preceded by BE1-Melon,cell,10-1,BE1-Melon,BE1-Disc,1,Supplement p.37 text ('certainly')
T24,BE1-Reticella(p)BE2-c,cell,10-1,BE1-Reticella,BE2-c Metal,0.01,Supplement p.37 text
T24,BE1-Melon(p)BE2-c,cell,10-1,BE1-Melon,BE2-c Metal,0.03,Supplement p.37 text
T24,Reticella and Melon precede the other six Later types: minimum,min,10-1,BE1-Reticella|BE1-Melon,BE1-WhSpiral|BE1-WoundSp|BE1-Dghnt|BE1-Amethyst|BE1-Cowrie|BE1-Orange,0.03,Supplement p.37 text
T24,Reticella and Melon precede the other six Later types: maximum,max,10-1,BE1-Reticella|BE1-Melon,BE1-WhSpiral|BE1-WoundSp|BE1-Dghnt|BE1-Amethyst|BE1-Cowrie|BE1-Orange,0.82,Supplement p.37 text
T25,row 2: minimum of the 7 relations,min,10-2,BE1-DotReg,BE1-Disc|BE1-WhSpiral|BE1-WoundSp|BE1-Dghnt|BE1-Amethyst|BE1-Cowrie|BE1-Orange,0,Supplement p.39 text
T25,row 2: maximum of the 7 relations,max,10-2,BE1-DotReg,BE1-Disc|BE1-WhSpiral|BE1-WoundSp|BE1-Dghnt|BE1-Amethyst|BE1-Cowrie|BE1-Orange,0.19,Supplement p.39 text
T25,BE1-Disc is the only Later type with any instance (count of Later types with frequency > 0),npos,10-2,BE1-DotReg,BE1-Disc|BE1-WhSpiral|BE1-WoundSp|BE1-Dghnt|BE1-Amethyst|BE1-Cowrie|BE1-Orange,1,Supplement p.39 text ('the only Later bead type to yield an instance')
T26,row 3: minimum of the 5 relations,min,10-3,BE1-Koch20Ye,BE1-Disc|BE1-WhSpiral|BE1-WoundSp|BE1-Dghnt|BE1-Amethyst,0.01,Supplement p.40 text
T26,row 3: maximum of the 5 relations,max,10-3,BE1-Koch20Ye,BE1-Disc|BE1-WhSpiral|BE1-WoundSp|BE1-Dghnt|BE1-Amethyst,0.99,Supplement p.40 text
T26,BE1-Koch20Ye(p)BE1-Disc,cell,10-3,BE1-Koch20Ye,BE1-Disc,0.99,Supplement p.40 text
T26,other four: minimum,min,10-3,BE1-Koch20Ye,BE1-WhSpiral|BE1-WoundSp|BE1-Dghnt|BE1-Amethyst,0.01,Supplement p.40 text
T26,other four: maximum,max,10-3,BE1-Koch20Ye,BE1-WhSpiral|BE1-WoundSp|BE1-Dghnt|BE1-Amethyst,0.17,Supplement p.40 text
T27,row 4: minimum of the 12 relations,min,10-4,BE1-CylPen|BE1-Koch20Wh|BE1-Koch49/50,BE1-Disc|BE1-WhSpiral|BE1-WoundSp|BE1-Dghnt,0.04,Supplement p.41 text
T27,row 4: maximum of the 12 relations,max,10-4,BE1-CylPen|BE1-Koch20Wh|BE1-Koch49/50,BE1-Disc|BE1-WhSpiral|BE1-WoundSp|BE1-Dghnt,1,Supplement p.41 text
T27,three Earlier(p)BE1-Disc: minimum,min,10-4,BE1-CylPen|BE1-Koch20Wh|BE1-Koch49/50,BE1-Disc,0.99,Supplement p.41 text
T27,three Earlier(p)BE1-Disc: maximum,max,10-4,BE1-CylPen|BE1-Koch20Wh|BE1-Koch49/50,BE1-Disc,1,Supplement p.41 text
T27,other nine: minimum,min,10-4,BE1-CylPen|BE1-Koch20Wh|BE1-Koch49/50,BE1-WhSpiral|BE1-WoundSp|BE1-Dghnt,0.04,Supplement p.41 text
T27,other nine: maximum,max,10-4,BE1-CylPen|BE1-Koch20Wh|BE1-Koch49/50,BE1-WhSpiral|BE1-WoundSp|BE1-Dghnt,0.67,Supplement p.41 text
T28,row 5: minimum of the relations,min,10-5,BE1-Koch34Wh|BE1-Koch34Ye,BE1-Disc|BE1-WhSpiral|BE1-Dghnt,0,Supplement p.42 text
T28,row 5: maximum of the relations,max,10-5,BE1-Koch34Wh|BE1-Koch34Ye,BE1-Disc|BE1-WhSpiral|BE1-Dghnt,0.99,Supplement p.42 text
T28,two Earlier(p)BE1-Disc: minimum,min,10-5,BE1-Koch34Wh|BE1-Koch34Ye,BE1-Disc,0.93,Supplement p.42 text
T28,two Earlier(p)BE1-Disc: maximum,max,10-5,BE1-Koch34Wh|BE1-Koch34Ye,BE1-Disc,0.99,Supplement p.42 text
T28,other four: minimum,min,10-5,BE1-Koch34Wh|BE1-Koch34Ye,BE1-WhSpiral|BE1-Dghnt,0,Supplement p.42 text
T28,other four: maximum,max,10-5,BE1-Koch34Wh|BE1-Koch34Ye,BE1-WhSpiral|BE1-Dghnt,0.16,Supplement p.42 text
T29,row 6: minimum,min,10-6,BE1-Dot34,BE1-Disc|BE1-Dghnt,0.05,Supplement p.43 text
T29,row 6: maximum,max,10-6,BE1-Dot34,BE1-Disc|BE1-Dghnt,0.99,Supplement p.43 text
T29,BE1-Dot34(p)BE1-Disc,cell,10-6,BE1-Dot34,BE1-Disc,0.99,Supplement p.43 text
T29,BE1-Dot34(p)BE1-Dghnt,cell,10-6,BE1-Dot34,BE1-Dghnt,0.05,Supplement p.43 text
T30,BE1-CylRound(p)BE1-Disc,cell,10-7,BE1-CylRound,BE1-Disc,0.98,Supplement p.44 text
T31,BE1-SegGlob(p)BE1-Disc,cell,10-8,BE1-SegGlob,BE1-Disc,0.99,Supplement p.45 text
T32,row 9: minimum,min,10-9,BE1-Orange|BE1-WhSpiral|BE2-c Metal|BE1-Koch34Bl,BE1-Disc,0.38,Supplement p.46 text
T32,row 9: maximum,max,10-9,BE1-Orange|BE1-WhSpiral|BE2-c Metal|BE1-Koch34Bl,BE1-Disc,0.94,Supplement p.46 text
T32,BE1-Koch34Bl(p)BE1-Disc,cell,10-9,BE1-Koch34Bl,BE1-Disc,0.94,Supplement p.46 text
T32,others: minimum,min,10-9,BE1-Orange|BE1-WhSpiral|BE2-c Metal,BE1-Disc,0.38,Supplement p.46 text
T32,others: maximum,max,10-9,BE1-Orange|BE1-WhSpiral|BE2-c Metal,BE1-Disc,0.65,Supplement p.46 text
