"","BE1-Disc","BE1-WhSpiral","BE1-WoundSp","BE1-Dghnt","BE1-Amethyst","BE1-Cowrie","BE1-Orange","BE2-c Metal","BE1-Reticella","BE1-Melon"
"BE1-Disc",NA,0,0,0,0,0,0,0,0,0
"BE1-WhSpiral",0.38,NA,0,0,0,0,0,0,0,0
"BE1-WoundSp",0,0,NA,0,0,0,0,0,0,0
"BE1-Dghnt",0.03,0,0,NA,0,0,0,0,0,0
"BE1-Amethyst",0.13,0,0,0,NA,0,0,0,0,0
"BE1-Cowrie",0,0,0,0,0,NA,0,0,0,0
"BE1-Orange",0.65,0,0,0,0,0,NA,0,0,0
"BE2-c Metal",0.65,0,0,0,0,0,0,NA,0,0
"BE1-Reticella",1,0.76,0.54,0.45,0.45,0.4,0.03,0.01,NA,0
"BE1-Melon",1,0.82,0.63,0.56,0.55,0.51,0.06,0.03,0,NA
